<annotation>
    <folder></folder>
    <filename>frame_000295</filename>
    <path></path>
    <source>
        <database>Unknown</database>
    </source>
    <size>
        <width>1920</width>
        <height>1080</height>
        <depth>3</depth>
    </size>
    <segmented>0</segmented>
    <object>
        <name>bramka</name>
        <pose>Unspecified</pose>
        <truncated>0</truncated>
        <difficult>0</difficult>
        <bndbox>
            <xmin>644.80830078125</xmin>
            <ymin>116.1234375</ymin>
            <xmax>1255.0918334960922</xmax>
            <ymax>712.2281249999993</ymax>
        </bndbox>
    </object>
</annotation>
