<annotation>
    <folder></folder>
    <filename>frame_000204</filename>
    <path></path>
    <source>
        <database>Unknown</database>
    </source>
    <size>
        <width>1920</width>
        <height>1080</height>
        <depth>3</depth>
    </size>
    <segmented>0</segmented>
    <object>
        <name>bramka</name>
        <pose>Unspecified</pose>
        <truncated>0</truncated>
        <difficult>0</difficult>
        <bndbox>
            <xmin>705.033984375</xmin>
            <ymin>267.5701171875</ymin>
            <xmax>1301.2777099609368</xmax>
            <ymax>859.7011718750011</ymax>
        </bndbox>
    </object>
</annotation>
