<annotation>
    <folder></folder>
    <filename>frame_000366</filename>
    <path></path>
    <source>
        <database>Unknown</database>
    </source>
    <size>
        <width>1920</width>
        <height>1080</height>
        <depth>3</depth>
    </size>
    <segmented>0</segmented>
    <object>
        <name>bramka</name>
        <pose>Unspecified</pose>
        <truncated>0</truncated>
        <difficult>0</difficult>
        <bndbox>
            <xmin>864.91484375</xmin>
            <ymin>267.4458984375</ymin>
            <xmax>1492.2380859375</xmax>
            <ymax>866.48984375</ymax>
        </bndbox>
    </object>
</annotation>
