<annotation>
    <folder></folder>
    <filename>frame_000387</filename>
    <path></path>
    <source>
        <database>Unknown</database>
    </source>
    <size>
        <width>1920</width>
        <height>1080</height>
        <depth>3</depth>
    </size>
    <segmented>0</segmented>
    <object>
        <name>bramka</name>
        <pose>Unspecified</pose>
        <truncated>0</truncated>
        <difficult>0</difficult>
        <bndbox>
            <xmin>849.687109375</xmin>
            <ymin>253.4</ymin>
            <xmax>1489.0000000000005</xmax>
            <ymax>850.2599609375</ymax>
        </bndbox>
    </object>
</annotation>
