<annotation>
    <folder></folder>
    <filename>frame_000084</filename>
    <path></path>
    <source>
        <database>Unknown</database>
    </source>
    <size>
        <width>1920</width>
        <height>1080</height>
        <depth>3</depth>
    </size>
    <segmented>0</segmented>
    <object>
        <name>bramka</name>
        <pose>Unspecified</pose>
        <truncated>0</truncated>
        <difficult>0</difficult>
        <bndbox>
            <xmin>743.0146484375</xmin>
            <ymin>140.75631510416738</ymin>
            <xmax>1301.9345947265629</xmax>
            <ymax>704.0526123046875</ymax>
        </bndbox>
    </object>
</annotation>
