<annotation>
    <folder></folder>
    <filename>frame_000317</filename>
    <path></path>
    <source>
        <database>Unknown</database>
    </source>
    <size>
        <width>1920</width>
        <height>1080</height>
        <depth>3</depth>
    </size>
    <segmented>0</segmented>
    <object>
        <name>bramka</name>
        <pose>Unspecified</pose>
        <truncated>0</truncated>
        <difficult>0</difficult>
        <bndbox>
            <xmin>685.1163736979166</xmin>
            <ymin>150.45784505208334</ymin>
            <xmax>1300.8252738444019</xmax>
            <ymax>735.6933455403656</ymax>
        </bndbox>
    </object>
</annotation>
