<annotation>
    <folder></folder>
    <filename>frame_000243</filename>
    <path></path>
    <source>
        <database>Unknown</database>
    </source>
    <size>
        <width>1920</width>
        <height>1080</height>
        <depth>3</depth>
    </size>
    <segmented>0</segmented>
    <object>
        <name>bramka</name>
        <pose>Unspecified</pose>
        <truncated>0</truncated>
        <difficult>0</difficult>
        <bndbox>
            <xmin>635.3953125000007</xmin>
            <ymin>126.26376953125055</ymin>
            <xmax>1236.6589477539055</xmax>
            <ymax>719.3409057617182</ymax>
        </bndbox>
    </object>
</annotation>
