<annotation>
    <folder></folder>
    <filename>frame_000421</filename>
    <path></path>
    <source>
        <database>Unknown</database>
    </source>
    <size>
        <width>1920</width>
        <height>1080</height>
        <depth>3</depth>
    </size>
    <segmented>0</segmented>
    <object>
        <name>bramka</name>
        <pose>Unspecified</pose>
        <truncated>0</truncated>
        <difficult>0</difficult>
        <bndbox>
            <xmin>810.1948437500002</xmin>
            <ymin>244.3880859375</ymin>
            <xmax>1437.516694335937</xmax>
            <ymax>843.4046875</ymax>
        </bndbox>
    </object>
</annotation>
