<annotation>
    <folder></folder>
    <filename>frame_000053</filename>
    <path></path>
    <source>
        <database>Unknown</database>
    </source>
    <size>
        <width>1920</width>
        <height>1080</height>
        <depth>3</depth>
    </size>
    <segmented>0</segmented>
    <object>
        <name>bramka</name>
        <pose>Unspecified</pose>
        <truncated>0</truncated>
        <difficult>0</difficult>
        <bndbox>
            <xmin>674.3390625</xmin>
            <ymin>97.4763671875</ymin>
            <xmax>1233.0086718750013</xmax>
            <ymax>664.6650268554688</ymax>
        </bndbox>
    </object>
</annotation>
