<annotation>
    <folder></folder>
    <filename>frame_000408</filename>
    <path></path>
    <source>
        <database>Unknown</database>
    </source>
    <size>
        <width>1920</width>
        <height>1080</height>
        <depth>3</depth>
    </size>
    <segmented>0</segmented>
    <object>
        <name>bramka</name>
        <pose>Unspecified</pose>
        <truncated>0</truncated>
        <difficult>0</difficult>
        <bndbox>
            <xmin>816.7199609375002</xmin>
            <ymin>245.490234375</ymin>
            <xmax>1455.2492114257816</xmax>
            <ymax>845.23828125</ymax>
        </bndbox>
    </object>
</annotation>
