<annotation>
    <folder></folder>
    <filename>frame_000081</filename>
    <path></path>
    <source>
        <database>Unknown</database>
    </source>
    <size>
        <width>1920</width>
        <height>1080</height>
        <depth>3</depth>
    </size>
    <segmented>0</segmented>
    <object>
        <name>bramka</name>
        <pose>Unspecified</pose>
        <truncated>0</truncated>
        <difficult>0</difficult>
        <bndbox>
            <xmin>741.53662109375</xmin>
            <ymin>136.19078776041684</ymin>
            <xmax>1299.7015686035165</xmax>
            <ymax>699.8790893554688</ymax>
        </bndbox>
    </object>
</annotation>
