<annotation>
    <folder></folder>
    <filename>frame_000275</filename>
    <path></path>
    <source>
        <database>Unknown</database>
    </source>
    <size>
        <width>1920</width>
        <height>1080</height>
        <depth>3</depth>
    </size>
    <segmented>0</segmented>
    <object>
        <name>bramka</name>
        <pose>Unspecified</pose>
        <truncated>0</truncated>
        <difficult>0</difficult>
        <bndbox>
            <xmin>639.59912109375</xmin>
            <ymin>114.11923828125</ymin>
            <xmax>1249.8826538085923</xmax>
            <ymax>710.2239257812492</ymax>
        </bndbox>
    </object>
</annotation>
