<annotation>
    <folder></folder>
    <filename>frame_000319</filename>
    <path></path>
    <source>
        <database>Unknown</database>
    </source>
    <size>
        <width>1920</width>
        <height>1080</height>
        <depth>3</depth>
    </size>
    <segmented>0</segmented>
    <object>
        <name>bramka</name>
        <pose>Unspecified</pose>
        <truncated>0</truncated>
        <difficult>0</difficult>
        <bndbox>
            <xmin>694.5003255208334</xmin>
            <ymin>156.23958333333334</ymin>
            <xmax>1310.8120442708343</xmax>
            <ymax>738.2666666666677</ymax>
        </bndbox>
    </object>
</annotation>
