<annotation>
    <folder></folder>
    <filename>frame_000347</filename>
    <path></path>
    <source>
        <database>Unknown</database>
    </source>
    <size>
        <width>1920</width>
        <height>1080</height>
        <depth>3</depth>
    </size>
    <segmented>0</segmented>
    <object>
        <name>bramka</name>
        <pose>Unspecified</pose>
        <truncated>0</truncated>
        <difficult>0</difficult>
        <bndbox>
            <xmin>835.26025390625</xmin>
            <ymin>247.81367187500018</ymin>
            <xmax>1463.3311767578125</xmax>
            <ymax>846.8536376953125</ymax>
        </bndbox>
    </object>
</annotation>
