<annotation>
    <folder></folder>
    <filename>frame_000311</filename>
    <path></path>
    <source>
        <database>Unknown</database>
    </source>
    <size>
        <width>1920</width>
        <height>1080</height>
        <depth>3</depth>
    </size>
    <segmented>0</segmented>
    <object>
        <name>bramka</name>
        <pose>Unspecified</pose>
        <truncated>0</truncated>
        <difficult>0</difficult>
        <bndbox>
            <xmin>664.544677734375</xmin>
            <ymin>130.863037109375</ymin>
            <xmax>1276.6366662597652</xmax>
            <ymax>726.9550646972648</ymax>
        </bndbox>
    </object>
</annotation>
