<annotation>
    <folder></folder>
    <filename>frame_000079</filename>
    <path></path>
    <source>
        <database>Unknown</database>
    </source>
    <size>
        <width>1920</width>
        <height>1080</height>
        <depth>3</depth>
    </size>
    <segmented>0</segmented>
    <object>
        <name>bramka</name>
        <pose>Unspecified</pose>
        <truncated>0</truncated>
        <difficult>0</difficult>
        <bndbox>
            <xmin>739.65302734375</xmin>
            <ymin>132.52900390625</ymin>
            <xmax>1297.566308593751</xmax>
            <ymax>696.3479736328125</ymax>
        </bndbox>
    </object>
</annotation>
