<annotation>
    <folder></folder>
    <filename>frame_000055</filename>
    <path></path>
    <source>
        <database>Unknown</database>
    </source>
    <size>
        <width>1920</width>
        <height>1080</height>
        <depth>3</depth>
    </size>
    <segmented>0</segmented>
    <object>
        <name>bramka</name>
        <pose>Unspecified</pose>
        <truncated>0</truncated>
        <difficult>0</difficult>
        <bndbox>
            <xmin>681.78125</xmin>
            <ymin>98.6259765625</ymin>
            <xmax>1240.2347656250013</xmax>
            <ymax>664.8518676757812</ymax>
        </bndbox>
    </object>
</annotation>
