<annotation>
    <folder></folder>
    <filename>frame_000348</filename>
    <path></path>
    <source>
        <database>Unknown</database>
    </source>
    <size>
        <width>1920</width>
        <height>1080</height>
        <depth>3</depth>
    </size>
    <segmented>0</segmented>
    <object>
        <name>bramka</name>
        <pose>Unspecified</pose>
        <truncated>0</truncated>
        <difficult>0</difficult>
        <bndbox>
            <xmin>840.26953125</xmin>
            <ymin>251.015625</ymin>
            <xmax>1467.5927734375</xmax>
            <ymax>850.0595703125</ymax>
        </bndbox>
    </object>
</annotation>
