<annotation>
    <folder></folder>
    <filename>frame_000237</filename>
    <path></path>
    <source>
        <database>Unknown</database>
    </source>
    <size>
        <width>1920</width>
        <height>1080</height>
        <depth>3</depth>
    </size>
    <segmented>0</segmented>
    <object>
        <name>bramka</name>
        <pose>Unspecified</pose>
        <truncated>0</truncated>
        <difficult>0</difficult>
        <bndbox>
            <xmin>639.8072656250013</xmin>
            <ymin>155.917265625001</ymin>
            <xmax>1240.3658813476563</xmax>
            <ymax>748.2946166992188</ymax>
        </bndbox>
    </object>
</annotation>
