<annotation>
    <folder></folder>
    <filename>frame_000133</filename>
    <path></path>
    <source>
        <database>Unknown</database>
    </source>
    <size>
        <width>1920</width>
        <height>1080</height>
        <depth>3</depth>
    </size>
    <segmented>0</segmented>
    <object>
        <name>bramka</name>
        <pose>Unspecified</pose>
        <truncated>0</truncated>
        <difficult>0</difficult>
        <bndbox>
            <xmin>786.6283203125</xmin>
            <ymin>222.48154296875</ymin>
            <xmax>1359.9208984375014</xmax>
            <ymax>776.9173095703121</ymax>
        </bndbox>
    </object>
</annotation>
