<annotation>
    <folder></folder>
    <filename>frame_000232</filename>
    <path></path>
    <source>
        <database>Unknown</database>
    </source>
    <size>
        <width>1920</width>
        <height>1080</height>
        <depth>3</depth>
    </size>
    <segmented>0</segmented>
    <object>
        <name>bramka</name>
        <pose>Unspecified</pose>
        <truncated>0</truncated>
        <difficult>0</difficult>
        <bndbox>
            <xmin>649.3435937500005</xmin>
            <ymin>206.50359375000045</ymin>
            <xmax>1246.3771118164063</xmax>
            <ymax>795.3820190429688</ymax>
        </bndbox>
    </object>
</annotation>
