<annotation>
    <folder></folder>
    <filename>frame_000123</filename>
    <path></path>
    <source>
        <database>Unknown</database>
    </source>
    <size>
        <width>1920</width>
        <height>1080</height>
        <depth>3</depth>
    </size>
    <segmented>0</segmented>
    <object>
        <name>bramka</name>
        <pose>Unspecified</pose>
        <truncated>0</truncated>
        <difficult>0</difficult>
        <bndbox>
            <xmin>781.2859933035714</xmin>
            <ymin>187.40359933035714</ymin>
            <xmax>1346.5825334821434</xmax>
            <ymax>740.8182896205354</ymax>
        </bndbox>
    </object>
</annotation>
