<annotation>
    <folder></folder>
    <filename>frame_000439</filename>
    <path></path>
    <source>
        <database>Unknown</database>
    </source>
    <size>
        <width>1920</width>
        <height>1080</height>
        <depth>3</depth>
    </size>
    <segmented>0</segmented>
    <object>
        <name>bramka</name>
        <pose>Unspecified</pose>
        <truncated>0</truncated>
        <difficult>0</difficult>
        <bndbox>
            <xmin>815.20439453125</xmin>
            <ymin>248.09462890625</ymin>
            <xmax>1442.5262451171868</xmax>
            <ymax>847.11123046875</ymax>
        </bndbox>
    </object>
</annotation>
