<annotation>
    <folder></folder>
    <filename>frame_000100</filename>
    <path></path>
    <source>
        <database>Unknown</database>
    </source>
    <size>
        <width>1920</width>
        <height>1080</height>
        <depth>3</depth>
    </size>
    <segmented>0</segmented>
    <object>
        <name>bramka</name>
        <pose>Unspecified</pose>
        <truncated>0</truncated>
        <difficult>0</difficult>
        <bndbox>
            <xmin>751.4000000000015</xmin>
            <ymin>174.10000000000036</ymin>
            <xmax>1313.9000244140625</xmax>
            <ymax>728.4000244140625</ymax>
        </bndbox>
    </object>
</annotation>
