<annotation>
    <folder></folder>
    <filename>frame_000261</filename>
    <path></path>
    <source>
        <database>Unknown</database>
    </source>
    <size>
        <width>1920</width>
        <height>1080</height>
        <depth>3</depth>
    </size>
    <segmented>0</segmented>
    <object>
        <name>bramka</name>
        <pose>Unspecified</pose>
        <truncated>0</truncated>
        <difficult>0</difficult>
        <bndbox>
            <xmin>643.106640625</xmin>
            <ymin>109.2103515625</ymin>
            <xmax>1253.3901733398422</xmax>
            <ymax>705.3150390624993</ymax>
        </bndbox>
    </object>
</annotation>
