<annotation>
    <folder></folder>
    <filename>frame_000141</filename>
    <path></path>
    <source>
        <database>Unknown</database>
    </source>
    <size>
        <width>1920</width>
        <height>1080</height>
        <depth>3</depth>
    </size>
    <segmented>0</segmented>
    <object>
        <name>bramka</name>
        <pose>Unspecified</pose>
        <truncated>0</truncated>
        <difficult>0</difficult>
        <bndbox>
            <xmin>786.9865234375002</xmin>
            <ymin>245.326416015625</ymin>
            <xmax>1359.577737426759</xmax>
            <ymax>801.6374725341796</ymax>
        </bndbox>
    </object>
</annotation>
