<annotation>
    <folder></folder>
    <filename>frame_000032</filename>
    <path></path>
    <source>
        <database>Unknown</database>
    </source>
    <size>
        <width>1920</width>
        <height>1080</height>
        <depth>3</depth>
    </size>
    <segmented>0</segmented>
    <object>
        <name>bramka</name>
        <pose>Unspecified</pose>
        <truncated>0</truncated>
        <difficult>0</difficult>
        <bndbox>
            <xmin>636.4300130208334</xmin>
            <ymin>99.16688368055556</ymin>
            <xmax>1186.295138888888</xmax>
            <ymax>668.7457248263883</ymax>
        </bndbox>
    </object>
</annotation>
