<annotation>
    <folder></folder>
    <filename>frame_000429</filename>
    <path></path>
    <source>
        <database>Unknown</database>
    </source>
    <size>
        <width>1920</width>
        <height>1080</height>
        <depth>3</depth>
    </size>
    <segmented>0</segmented>
    <object>
        <name>bramka</name>
        <pose>Unspecified</pose>
        <truncated>0</truncated>
        <difficult>0</difficult>
        <bndbox>
            <xmin>810.1951171875</xmin>
            <ymin>246.5921875</ymin>
            <xmax>1437.5169677734368</xmax>
            <ymax>845.6087890625</ymax>
        </bndbox>
    </object>
</annotation>
