<annotation>
    <folder></folder>
    <filename>frame_000149</filename>
    <path></path>
    <source>
        <database>Unknown</database>
    </source>
    <size>
        <width>1920</width>
        <height>1080</height>
        <depth>3</depth>
    </size>
    <segmented>0</segmented>
    <object>
        <name>bramka</name>
        <pose>Unspecified</pose>
        <truncated>0</truncated>
        <difficult>0</difficult>
        <bndbox>
            <xmin>781.9654687500013</xmin>
            <ymin>247.05572265625014</ymin>
            <xmax>1349.9234985351563</xmax>
            <ymax>816.7738305664076</ymax>
        </bndbox>
    </object>
</annotation>
