<annotation>
    <folder></folder>
    <filename>frame_000461</filename>
    <path></path>
    <source>
        <database>Unknown</database>
    </source>
    <size>
        <width>1920</width>
        <height>1080</height>
        <depth>3</depth>
    </size>
    <segmented>0</segmented>
    <object>
        <name>bramka</name>
        <pose>Unspecified</pose>
        <truncated>0</truncated>
        <difficult>0</difficult>
        <bndbox>
            <xmin>794.1775390625</xmin>
            <ymin>245.7908203125</ymin>
            <xmax>1442.5127978515623</xmax>
            <ymax>856.8791015625004</ymax>
        </bndbox>
    </object>
</annotation>
