<annotation>
    <folder></folder>
    <filename>frame_000028</filename>
    <path></path>
    <source>
        <database>Unknown</database>
    </source>
    <size>
        <width>1920</width>
        <height>1080</height>
        <depth>3</depth>
    </size>
    <segmented>0</segmented>
    <object>
        <name>bramka</name>
        <pose>Unspecified</pose>
        <truncated>0</truncated>
        <difficult>0</difficult>
        <bndbox>
            <xmin>634.609375</xmin>
            <ymin>105.7998046875</ymin>
            <xmax>1180.462031250001</xmax>
            <ymax>666.8375195312492</ymax>
        </bndbox>
    </object>
</annotation>
