<annotation>
    <folder></folder>
    <filename>frame_000353</filename>
    <path></path>
    <source>
        <database>Unknown</database>
    </source>
    <size>
        <width>1920</width>
        <height>1080</height>
        <depth>3</depth>
    </size>
    <segmented>0</segmented>
    <object>
        <name>bramka</name>
        <pose>Unspecified</pose>
        <truncated>0</truncated>
        <difficult>0</difficult>
        <bndbox>
            <xmin>849.787109375</xmin>
            <ymin>254.02099609375</ymin>
            <xmax>1477.1103515625</xmax>
            <ymax>853.06494140625</ymax>
        </bndbox>
    </object>
</annotation>
