<annotation>
    <folder></folder>
    <filename>frame_000371</filename>
    <path></path>
    <source>
        <database>Unknown</database>
    </source>
    <size>
        <width>1920</width>
        <height>1080</height>
        <depth>3</depth>
    </size>
    <segmented>0</segmented>
    <object>
        <name>bramka</name>
        <pose>Unspecified</pose>
        <truncated>0</truncated>
        <difficult>0</difficult>
        <bndbox>
            <xmin>866.016796875</xmin>
            <ymin>267.94697265625</ymin>
            <xmax>1493.3400390625</xmax>
            <ymax>866.99091796875</ymax>
        </bndbox>
    </object>
</annotation>
