<annotation>
    <folder></folder>
    <filename>frame_000284</filename>
    <path></path>
    <source>
        <database>Unknown</database>
    </source>
    <size>
        <width>1920</width>
        <height>1080</height>
        <depth>3</depth>
    </size>
    <segmented>0</segmented>
    <object>
        <name>bramka</name>
        <pose>Unspecified</pose>
        <truncated>0</truncated>
        <difficult>0</difficult>
        <bndbox>
            <xmin>635.6912109375</xmin>
            <ymin>113.518359375</ymin>
            <xmax>1245.9747436523423</xmax>
            <ymax>709.6230468749993</ymax>
        </bndbox>
    </object>
</annotation>
