<annotation>
    <folder></folder>
    <filename>frame_000491</filename>
    <path></path>
    <source>
        <database>Unknown</database>
    </source>
    <size>
        <width>1920</width>
        <height>1080</height>
        <depth>3</depth>
    </size>
    <segmented>0</segmented>
    <object>
        <name>bramka</name>
        <pose>Unspecified</pose>
        <truncated>0</truncated>
        <difficult>0</difficult>
        <bndbox>
            <xmin>807.7513139204549</xmin>
            <ymin>218.16370738636363</ymin>
            <xmax>1493.4181685014207</xmax>
            <ymax>845.401533647017</ymax>
        </bndbox>
    </object>
</annotation>
