<annotation>
    <folder></folder>
    <filename>frame_000249</filename>
    <path></path>
    <source>
        <database>Unknown</database>
    </source>
    <size>
        <width>1920</width>
        <height>1080</height>
        <depth>3</depth>
    </size>
    <segmented>0</segmented>
    <object>
        <name>bramka</name>
        <pose>Unspecified</pose>
        <truncated>0</truncated>
        <difficult>0</difficult>
        <bndbox>
            <xmin>634.092578125</xmin>
            <ymin>106.525</ymin>
            <xmax>1236.2582031249985</xmax>
            <ymax>699.9048913574209</ymax>
        </bndbox>
    </object>
</annotation>
