<annotation>
    <folder></folder>
    <filename>frame_000379</filename>
    <path></path>
    <source>
        <database>Unknown</database>
    </source>
    <size>
        <width>1920</width>
        <height>1080</height>
        <depth>3</depth>
    </size>
    <segmented>0</segmented>
    <object>
        <name>bramka</name>
        <pose>Unspecified</pose>
        <truncated>0</truncated>
        <difficult>0</difficult>
        <bndbox>
            <xmin>863.4549386160714</xmin>
            <ymin>261.74693080357144</ymin>
            <xmax>1492.3474330357144</xmax>
            <ymax>860.3645368303571</ymax>
        </bndbox>
    </object>
</annotation>
