<annotation>
    <folder></folder>
    <filename>frame_000145</filename>
    <path></path>
    <source>
        <database>Unknown</database>
    </source>
    <size>
        <width>1920</width>
        <height>1080</height>
        <depth>3</depth>
    </size>
    <segmented>0</segmented>
    <object>
        <name>bramka</name>
        <pose>Unspecified</pose>
        <truncated>0</truncated>
        <difficult>0</difficult>
        <bndbox>
            <xmin>784.6513671875009</xmin>
            <ymin>246.260986328125</ymin>
            <xmax>1354.4371246337896</xmax>
            <ymax>810.0732025146492</ymax>
        </bndbox>
    </object>
</annotation>
