<annotation>
    <folder></folder>
    <filename>frame_000005</filename>
    <path></path>
    <source>
        <database>Unknown</database>
    </source>
    <size>
        <width>1920</width>
        <height>1080</height>
        <depth>3</depth>
    </size>
    <segmented>0</segmented>
    <object>
        <name>bramka</name>
        <pose>Unspecified</pose>
        <truncated>0</truncated>
        <difficult>0</difficult>
        <bndbox>
            <xmin>599.98486328125</xmin>
            <ymin>134.43798828125</ymin>
            <xmax>1149.3854553222664</xmax>
            <ymax>694.257135009766</ymax>
        </bndbox>
    </object>
</annotation>
