<annotation>
    <folder></folder>
    <filename>frame_000436</filename>
    <path></path>
    <source>
        <database>Unknown</database>
    </source>
    <size>
        <width>1920</width>
        <height>1080</height>
        <depth>3</depth>
    </size>
    <segmented>0</segmented>
    <object>
        <name>bramka</name>
        <pose>Unspecified</pose>
        <truncated>0</truncated>
        <difficult>0</difficult>
        <bndbox>
            <xmin>813.701611328125</xmin>
            <ymin>247.643896484375</ymin>
            <xmax>1441.0234619140617</xmax>
            <ymax>846.660498046875</ymax>
        </bndbox>
    </object>
</annotation>
