<annotation>
    <folder></folder>
    <filename>frame_000132</filename>
    <path></path>
    <source>
        <database>Unknown</database>
    </source>
    <size>
        <width>1920</width>
        <height>1080</height>
        <depth>3</depth>
    </size>
    <segmented>0</segmented>
    <object>
        <name>bramka</name>
        <pose>Unspecified</pose>
        <truncated>0</truncated>
        <difficult>0</difficult>
        <bndbox>
            <xmin>786.49375</xmin>
            <ymin>219.2513671875</ymin>
            <xmax>1359.7863281250015</xmax>
            <ymax>773.6871337890622</ymax>
        </bndbox>
    </object>
</annotation>
