<annotation>
    <folder></folder>
    <filename>frame_000325</filename>
    <path></path>
    <source>
        <database>Unknown</database>
    </source>
    <size>
        <width>1920</width>
        <height>1080</height>
        <depth>3</depth>
    </size>
    <segmented>0</segmented>
    <object>
        <name>bramka</name>
        <pose>Unspecified</pose>
        <truncated>0</truncated>
        <difficult>0</difficult>
        <bndbox>
            <xmin>727.5612444196429</xmin>
            <ymin>170.66657366071428</ymin>
            <xmax>1343.872963169644</xmax>
            <ymax>759.824211774553</ymax>
        </bndbox>
    </object>
</annotation>
