<annotation>
    <folder></folder>
    <filename>frame_000301</filename>
    <path></path>
    <source>
        <database>Unknown</database>
    </source>
    <size>
        <width>1920</width>
        <height>1080</height>
        <depth>3</depth>
    </size>
    <segmented>0</segmented>
    <object>
        <name>bramka</name>
        <pose>Unspecified</pose>
        <truncated>0</truncated>
        <difficult>0</difficult>
        <bndbox>
            <xmin>653.223828125</xmin>
            <ymin>118.52783203125</ymin>
            <xmax>1263.5073608398422</xmax>
            <ymax>714.6325195312493</ymax>
        </bndbox>
    </object>
</annotation>
