<annotation>
    <folder></folder>
    <filename>frame_000169</filename>
    <path></path>
    <source>
        <database>Unknown</database>
    </source>
    <size>
        <width>1920</width>
        <height>1080</height>
        <depth>3</depth>
    </size>
    <segmented>0</segmented>
    <object>
        <name>bramka</name>
        <pose>Unspecified</pose>
        <truncated>0</truncated>
        <difficult>0</difficult>
        <bndbox>
            <xmin>760.50283203125</xmin>
            <ymin>257.8568359375</ymin>
            <xmax>1336.9059216308585</xmax>
            <ymax>841.0362890625004</ymax>
        </bndbox>
    </object>
</annotation>
