<annotation>
    <folder></folder>
    <filename>frame_000402</filename>
    <path></path>
    <source>
        <database>Unknown</database>
    </source>
    <size>
        <width>1920</width>
        <height>1080</height>
        <depth>3</depth>
    </size>
    <segmented>0</segmented>
    <object>
        <name>bramka</name>
        <pose>Unspecified</pose>
        <truncated>0</truncated>
        <difficult>0</difficult>
        <bndbox>
            <xmin>824.540234375</xmin>
            <ymin>248.19521484375</ymin>
            <xmax>1467.8726562500003</xmax>
            <ymax>848.25673828125</ymax>
        </bndbox>
    </object>
</annotation>
