<annotation>
    <folder></folder>
    <filename>frame_000334</filename>
    <path></path>
    <source>
        <database>Unknown</database>
    </source>
    <size>
        <width>1920</width>
        <height>1080</height>
        <depth>3</depth>
    </size>
    <segmented>0</segmented>
    <object>
        <name>bramka</name>
        <pose>Unspecified</pose>
        <truncated>0</truncated>
        <difficult>0</difficult>
        <bndbox>
            <xmin>771.7427734375</xmin>
            <ymin>202.5255859375</ymin>
            <xmax>1394.6614062500005</xmax>
            <ymax>800.376948242187</ymax>
        </bndbox>
    </object>
</annotation>
