<annotation>
    <folder></folder>
    <filename>frame_000358</filename>
    <path></path>
    <source>
        <database>Unknown</database>
    </source>
    <size>
        <width>1920</width>
        <height>1080</height>
        <depth>3</depth>
    </size>
    <segmented>0</segmented>
    <object>
        <name>bramka</name>
        <pose>Unspecified</pose>
        <truncated>0</truncated>
        <difficult>0</difficult>
        <bndbox>
            <xmin>859.3046875</xmin>
            <ymin>257.0263671875</ymin>
            <xmax>1486.6279296875</xmax>
            <ymax>856.0703125</ymax>
        </bndbox>
    </object>
</annotation>
