<annotation>
    <folder></folder>
    <filename>frame_000255</filename>
    <path></path>
    <source>
        <database>Unknown</database>
    </source>
    <size>
        <width>1920</width>
        <height>1080</height>
        <depth>3</depth>
    </size>
    <segmented>0</segmented>
    <object>
        <name>bramka</name>
        <pose>Unspecified</pose>
        <truncated>0</truncated>
        <difficult>0</difficult>
        <bndbox>
            <xmin>641.304296875</xmin>
            <ymin>105.309765625</ymin>
            <xmax>1248.881860351561</xmax>
            <ymax>700.5061877441398</ymax>
        </bndbox>
    </object>
</annotation>
