<annotation>
    <folder></folder>
    <filename>frame_000159</filename>
    <path></path>
    <source>
        <database>Unknown</database>
    </source>
    <size>
        <width>1920</width>
        <height>1080</height>
        <depth>3</depth>
    </size>
    <segmented>0</segmented>
    <object>
        <name>bramka</name>
        <pose>Unspecified</pose>
        <truncated>0</truncated>
        <difficult>0</difficult>
        <bndbox>
            <xmin>772.43662109375</xmin>
            <ymin>248.74613281250132</ymin>
            <xmax>1343.4401196289061</xmax>
            <ymax>822.0041040039063</ymax>
        </bndbox>
    </object>
</annotation>
