<annotation>
    <folder></folder>
    <filename>frame_000163</filename>
    <path></path>
    <source>
        <database>Unknown</database>
    </source>
    <size>
        <width>1920</width>
        <height>1080</height>
        <depth>3</depth>
    </size>
    <segmented>0</segmented>
    <object>
        <name>bramka</name>
        <pose>Unspecified</pose>
        <truncated>0</truncated>
        <difficult>0</difficult>
        <bndbox>
            <xmin>767.96435546875</xmin>
            <ymin>252.13066406250073</ymin>
            <xmax>1341.2005981445309</xmax>
            <ymax>829.4672973632814</ymax>
        </bndbox>
    </object>
</annotation>
