<annotation>
    <folder></folder>
    <filename>frame_000022</filename>
    <path></path>
    <source>
        <database>Unknown</database>
    </source>
    <size>
        <width>1920</width>
        <height>1080</height>
        <depth>3</depth>
    </size>
    <segmented>0</segmented>
    <object>
        <name>bramka</name>
        <pose>Unspecified</pose>
        <truncated>0</truncated>
        <difficult>0</difficult>
        <bndbox>
            <xmin>626.49755859375</xmin>
            <ymin>106.98154296875055</ymin>
            <xmax>1176.0707153320318</xmax>
            <ymax>673.6532958984371</ymax>
        </bndbox>
    </object>
</annotation>
