<annotation>
    <folder></folder>
    <filename>frame_000162</filename>
    <path></path>
    <source>
        <database>Unknown</database>
    </source>
    <size>
        <width>1920</width>
        <height>1080</height>
        <depth>3</depth>
    </size>
    <segmented>0</segmented>
    <object>
        <name>bramka</name>
        <pose>Unspecified</pose>
        <truncated>0</truncated>
        <difficult>0</difficult>
        <bndbox>
            <xmin>769.082421875</xmin>
            <ymin>251.28453125000087</ymin>
            <xmax>1341.7604785156248</xmax>
            <ymax>827.6014990234377</ymax>
        </bndbox>
    </object>
</annotation>
