<annotation>
    <folder></folder>
    <filename>frame_000017</filename>
    <path></path>
    <source>
        <database>Unknown</database>
    </source>
    <size>
        <width>1920</width>
        <height>1080</height>
        <depth>3</depth>
    </size>
    <segmented>0</segmented>
    <object>
        <name>bramka</name>
        <pose>Unspecified</pose>
        <truncated>0</truncated>
        <difficult>0</difficult>
        <bndbox>
            <xmin>618.2587890625</xmin>
            <ymin>119.0</ymin>
            <xmax>1161.300000000001</xmax>
            <ymax>677.9947509765625</ymax>
        </bndbox>
    </object>
</annotation>
