<annotation>
    <folder></folder>
    <filename>frame_000285</filename>
    <path></path>
    <source>
        <database>Unknown</database>
    </source>
    <size>
        <width>1920</width>
        <height>1080</height>
        <depth>3</depth>
    </size>
    <segmented>0</segmented>
    <object>
        <name>bramka</name>
        <pose>Unspecified</pose>
        <truncated>0</truncated>
        <difficult>0</difficult>
        <bndbox>
            <xmin>634.98984375</xmin>
            <ymin>113.8189453125</ymin>
            <xmax>1245.2733764648424</xmax>
            <ymax>709.9236328124992</ymax>
        </bndbox>
    </object>
</annotation>
