<annotation>
    <folder></folder>
    <filename>frame_000227</filename>
    <path></path>
    <source>
        <database>Unknown</database>
    </source>
    <size>
        <width>1920</width>
        <height>1080</height>
        <depth>3</depth>
    </size>
    <segmented>0</segmented>
    <object>
        <name>bramka</name>
        <pose>Unspecified</pose>
        <truncated>0</truncated>
        <difficult>0</difficult>
        <bndbox>
            <xmin>658.475390625</xmin>
            <ymin>248.475390625</ymin>
            <xmax>1252.6888305664063</xmax>
            <ymax>834.5546752929688</ymax>
        </bndbox>
    </object>
</annotation>
