<annotation>
    <folder></folder>
    <filename>frame_000097</filename>
    <path></path>
    <source>
        <database>Unknown</database>
    </source>
    <size>
        <width>1920</width>
        <height>1080</height>
        <depth>3</depth>
    </size>
    <segmented>0</segmented>
    <object>
        <name>bramka</name>
        <pose>Unspecified</pose>
        <truncated>0</truncated>
        <difficult>0</difficult>
        <bndbox>
            <xmin>746.584228515625</xmin>
            <ymin>172.45842285156345</ymin>
            <xmax>1311.6496475219728</xmax>
            <ymax>723.5998504638674</ymax>
        </bndbox>
    </object>
</annotation>
