<annotation>
    <folder></folder>
    <filename>frame_000292</filename>
    <path></path>
    <source>
        <database>Unknown</database>
    </source>
    <size>
        <width>1920</width>
        <height>1080</height>
        <depth>3</depth>
    </size>
    <segmented>0</segmented>
    <object>
        <name>bramka</name>
        <pose>Unspecified</pose>
        <truncated>0</truncated>
        <difficult>0</difficult>
        <bndbox>
            <xmin>639.6986328125</xmin>
            <ymin>115.522265625</ymin>
            <xmax>1249.9821655273422</xmax>
            <ymax>711.6269531249993</ymax>
        </bndbox>
    </object>
</annotation>
