<annotation>
    <folder></folder>
    <filename>frame_000184</filename>
    <path></path>
    <source>
        <database>Unknown</database>
    </source>
    <size>
        <width>1920</width>
        <height>1080</height>
        <depth>3</depth>
    </size>
    <segmented>0</segmented>
    <object>
        <name>bramka</name>
        <pose>Unspecified</pose>
        <truncated>0</truncated>
        <difficult>0</difficult>
        <bndbox>
            <xmin>744.78359375</xmin>
            <ymin>281.9716796875</ymin>
            <xmax>1324.5699340820297</xmax>
            <ymax>871.8515625</ymax>
        </bndbox>
    </object>
</annotation>
