<annotation>
    <folder></folder>
    <filename>frame_000333</filename>
    <path></path>
    <source>
        <database>Unknown</database>
    </source>
    <size>
        <width>1920</width>
        <height>1080</height>
        <depth>3</depth>
    </size>
    <segmented>0</segmented>
    <object>
        <name>bramka</name>
        <pose>Unspecified</pose>
        <truncated>0</truncated>
        <difficult>0</difficult>
        <bndbox>
            <xmin>767.13427734375</xmin>
            <ymin>198.41796875</ymin>
            <xmax>1388.9517578125005</xmax>
            <ymax>795.9711853027338</ymax>
        </bndbox>
    </object>
</annotation>
