<annotation>
    <folder></folder>
    <filename>frame_000329</filename>
    <path></path>
    <source>
        <database>Unknown</database>
    </source>
    <size>
        <width>1920</width>
        <height>1080</height>
        <depth>3</depth>
    </size>
    <segmented>0</segmented>
    <object>
        <name>bramka</name>
        <pose>Unspecified</pose>
        <truncated>0</truncated>
        <difficult>0</difficult>
        <bndbox>
            <xmin>748.70029296875</xmin>
            <ymin>181.9875</ymin>
            <xmax>1366.113164062501</xmax>
            <ymax>778.3481335449209</ymax>
        </bndbox>
    </object>
</annotation>
