<annotation>
    <folder></folder>
    <filename>frame_000440</filename>
    <path></path>
    <source>
        <database>Unknown</database>
    </source>
    <size>
        <width>1920</width>
        <height>1080</height>
        <depth>3</depth>
    </size>
    <segmented>0</segmented>
    <object>
        <name>bramka</name>
        <pose>Unspecified</pose>
        <truncated>0</truncated>
        <difficult>0</difficult>
        <bndbox>
            <xmin>815.705322265625</xmin>
            <ymin>248.244873046875</ymin>
            <xmax>1443.0271728515618</xmax>
            <ymax>847.261474609375</ymax>
        </bndbox>
    </object>
</annotation>
