<annotation>
    <folder></folder>
    <filename>frame_000428</filename>
    <path></path>
    <source>
        <database>Unknown</database>
    </source>
    <size>
        <width>1920</width>
        <height>1080</height>
        <depth>3</depth>
    </size>
    <segmented>0</segmented>
    <object>
        <name>bramka</name>
        <pose>Unspecified</pose>
        <truncated>0</truncated>
        <difficult>0</difficult>
        <bndbox>
            <xmin>809.694189453125</xmin>
            <ymin>246.441943359375</ymin>
            <xmax>1437.0160400390619</xmax>
            <ymax>845.458544921875</ymax>
        </bndbox>
    </object>
</annotation>
