<annotation>
    <folder></folder>
    <filename>frame_000230</filename>
    <path></path>
    <source>
        <database>Unknown</database>
    </source>
    <size>
        <width>1920</width>
        <height>1080</height>
        <depth>3</depth>
    </size>
    <segmented>0</segmented>
    <object>
        <name>bramka</name>
        <pose>Unspecified</pose>
        <truncated>0</truncated>
        <difficult>0</difficult>
        <bndbox>
            <xmin>653.1581250000003</xmin>
            <ymin>226.73812500000022</ymin>
            <xmax>1248.7816040039063</xmax>
            <ymax>814.2169799804688</ymax>
        </bndbox>
    </object>
</annotation>
