<annotation>
    <folder></folder>
    <filename>frame_000146</filename>
    <path></path>
    <source>
        <database>Unknown</database>
    </source>
    <size>
        <width>1920</width>
        <height>1080</height>
        <depth>3</depth>
    </size>
    <segmented>0</segmented>
    <object>
        <name>bramka</name>
        <pose>Unspecified</pose>
        <truncated>0</truncated>
        <difficult>0</difficult>
        <bndbox>
            <xmin>784.0675781250011</xmin>
            <ymin>246.49462890625</ymin>
            <xmax>1353.1519714355472</xmax>
            <ymax>812.1821350097666</ymax>
        </bndbox>
    </object>
</annotation>
