<annotation>
    <folder></folder>
    <filename>frame_000156</filename>
    <path></path>
    <source>
        <database>Unknown</database>
    </source>
    <size>
        <width>1920</width>
        <height>1080</height>
        <depth>3</depth>
    </size>
    <segmented>0</segmented>
    <object>
        <name>bramka</name>
        <pose>Unspecified</pose>
        <truncated>0</truncated>
        <difficult>0</difficult>
        <bndbox>
            <xmin>775.4237500000003</xmin>
            <ymin>247.71238281250118</ymin>
            <xmax>1345.3163330078125</xmax>
            <ymax>819.3906445312502</ymax>
        </bndbox>
    </object>
</annotation>
