<annotation>
    <folder></folder>
    <filename>frame_000161</filename>
    <path></path>
    <source>
        <database>Unknown</database>
    </source>
    <size>
        <width>1920</width>
        <height>1080</height>
        <depth>3</depth>
    </size>
    <segmented>0</segmented>
    <object>
        <name>bramka</name>
        <pose>Unspecified</pose>
        <truncated>0</truncated>
        <difficult>0</difficult>
        <bndbox>
            <xmin>770.20048828125</xmin>
            <ymin>250.438398437501</ymin>
            <xmax>1342.3203588867186</xmax>
            <ymax>825.7357006835939</ymax>
        </bndbox>
    </object>
</annotation>
