<annotation>
    <folder></folder>
    <filename>frame_000226</filename>
    <path></path>
    <source>
        <database>Unknown</database>
    </source>
    <size>
        <width>1920</width>
        <height>1080</height>
        <depth>3</depth>
    </size>
    <segmented>0</segmented>
    <object>
        <name>bramka</name>
        <pose>Unspecified</pose>
        <truncated>0</truncated>
        <difficult>0</difficult>
        <bndbox>
            <xmin>659.978125</xmin>
            <ymin>249.978125</ymin>
            <xmax>1254.1915649414063</xmax>
            <ymax>836.0574096679687</ymax>
        </bndbox>
    </object>
</annotation>
