<annotation>
    <folder></folder>
    <filename>frame_000344</filename>
    <path></path>
    <source>
        <database>Unknown</database>
    </source>
    <size>
        <width>1920</width>
        <height>1080</height>
        <depth>3</depth>
    </size>
    <segmented>0</segmented>
    <object>
        <name>bramka</name>
        <pose>Unspecified</pose>
        <truncated>0</truncated>
        <difficult>0</difficult>
        <bndbox>
            <xmin>820.232421875</xmin>
            <ymin>238.20781250000073</ymin>
            <xmax>1450.54638671875</xmax>
            <ymax>837.23583984375</ymax>
        </bndbox>
    </object>
</annotation>
