<annotation>
    <folder></folder>
    <filename>frame_000489</filename>
    <path></path>
    <source>
        <database>Unknown</database>
    </source>
    <size>
        <width>1920</width>
        <height>1080</height>
        <depth>3</depth>
    </size>
    <segmented>0</segmented>
    <object>
        <name>bramka</name>
        <pose>Unspecified</pose>
        <truncated>0</truncated>
        <difficult>0</difficult>
        <bndbox>
            <xmin>809.5718394886367</xmin>
            <ymin>221.4424715909091</ymin>
            <xmax>1494.1454456676138</xmax>
            <ymax>849.9621471058239</ymax>
        </bndbox>
    </object>
</annotation>
