<annotation>
    <folder></folder>
    <filename>frame_000051</filename>
    <path></path>
    <source>
        <database>Unknown</database>
    </source>
    <size>
        <width>1920</width>
        <height>1080</height>
        <depth>3</depth>
    </size>
    <segmented>0</segmented>
    <object>
        <name>bramka</name>
        <pose>Unspecified</pose>
        <truncated>0</truncated>
        <difficult>0</difficult>
        <bndbox>
            <xmin>666.896875</xmin>
            <ymin>96.3267578125</ymin>
            <xmax>1225.7825781250015</xmax>
            <ymax>664.4781860351562</ymax>
        </bndbox>
    </object>
</annotation>
