<annotation>
    <folder></folder>
    <filename>frame_000031</filename>
    <path></path>
    <source>
        <database>Unknown</database>
    </source>
    <size>
        <width>1920</width>
        <height>1080</height>
        <depth>3</depth>
    </size>
    <segmented>0</segmented>
    <object>
        <name>bramka</name>
        <pose>Unspecified</pose>
        <truncated>0</truncated>
        <difficult>0</difficult>
        <bndbox>
            <xmin>635.865234375</xmin>
            <ymin>99.677734375</ymin>
            <xmax>1184.5892822265614</xmax>
            <ymax>669.3748291015618</ymax>
        </bndbox>
    </object>
</annotation>
