<annotation>
    <folder></folder>
    <filename>frame_000385</filename>
    <path></path>
    <source>
        <database>Unknown</database>
    </source>
    <size>
        <width>1920</width>
        <height>1080</height>
        <depth>3</depth>
    </size>
    <segmented>0</segmented>
    <object>
        <name>bramka</name>
        <pose>Unspecified</pose>
        <truncated>0</truncated>
        <difficult>0</difficult>
        <bndbox>
            <xmin>852.2919921875</xmin>
            <ymin>254.0</ymin>
            <xmax>1490.6000000000004</xmax>
            <ymax>850.0595703125</ymax>
        </bndbox>
    </object>
</annotation>
