<annotation>
    <folder></folder>
    <filename>frame_000251</filename>
    <path></path>
    <source>
        <database>Unknown</database>
    </source>
    <size>
        <width>1920</width>
        <height>1080</height>
        <depth>3</depth>
    </size>
    <segmented>0</segmented>
    <object>
        <name>bramka</name>
        <pose>Unspecified</pose>
        <truncated>0</truncated>
        <difficult>0</difficult>
        <bndbox>
            <xmin>636.496484375</xmin>
            <ymin>106.119921875</ymin>
            <xmax>1240.466088867186</xmax>
            <ymax>700.1053234863272</ymax>
        </bndbox>
    </object>
</annotation>
