<annotation>
    <folder></folder>
    <filename>frame_000349</filename>
    <path></path>
    <source>
        <database>Unknown</database>
    </source>
    <size>
        <width>1920</width>
        <height>1080</height>
        <depth>3</depth>
    </size>
    <segmented>0</segmented>
    <object>
        <name>bramka</name>
        <pose>Unspecified</pose>
        <truncated>0</truncated>
        <difficult>0</difficult>
        <bndbox>
            <xmin>842.173046875</xmin>
            <ymin>251.61669921875</ymin>
            <xmax>1469.4962890625</xmax>
            <ymax>850.66064453125</ymax>
        </bndbox>
    </object>
</annotation>
