<annotation>
    <folder></folder>
    <filename>frame_000152</filename>
    <path></path>
    <source>
        <database>Unknown</database>
    </source>
    <size>
        <width>1920</width>
        <height>1080</height>
        <depth>3</depth>
    </size>
    <segmented>0</segmented>
    <object>
        <name>bramka</name>
        <pose>Unspecified</pose>
        <truncated>0</truncated>
        <difficult>0</difficult>
        <bndbox>
            <xmin>779.1618750000009</xmin>
            <ymin>247.3371484375006</ymin>
            <xmax>1347.9489990234374</xmax>
            <ymax>817.8953222656259</ymax>
        </bndbox>
    </object>
</annotation>
