<annotation>
    <folder></folder>
    <filename>frame_000242</filename>
    <path></path>
    <source>
        <database>Unknown</database>
    </source>
    <size>
        <width>1920</width>
        <height>1080</height>
        <depth>3</depth>
    </size>
    <segmented>0</segmented>
    <object>
        <name>bramka</name>
        <pose>Unspecified</pose>
        <truncated>0</truncated>
        <difficult>0</difficult>
        <bndbox>
            <xmin>635.8962500000009</xmin>
            <ymin>130.17101562500065</ymin>
            <xmax>1237.1598852539057</xmax>
            <ymax>723.2481518554683</ymax>
        </bndbox>
    </object>
</annotation>
