<annotation>
    <folder></folder>
    <filename>frame_000140</filename>
    <path></path>
    <source>
        <database>Unknown</database>
    </source>
    <size>
        <width>1920</width>
        <height>1080</height>
        <depth>3</depth>
    </size>
    <segmented>0</segmented>
    <object>
        <name>bramka</name>
        <pose>Unspecified</pose>
        <truncated>0</truncated>
        <difficult>0</difficult>
        <bndbox>
            <xmin>787.5703125</xmin>
            <ymin>245.0927734375</ymin>
            <xmax>1360.8628906250015</xmax>
            <ymax>799.5285400390621</ymax>
        </bndbox>
    </object>
</annotation>
