<annotation>
    <folder></folder>
    <filename>frame_000206</filename>
    <path></path>
    <source>
        <database>Unknown</database>
    </source>
    <size>
        <width>1920</width>
        <height>1080</height>
        <depth>3</depth>
    </size>
    <segmented>0</segmented>
    <object>
        <name>bramka</name>
        <pose>Unspecified</pose>
        <truncated>0</truncated>
        <difficult>0</difficult>
        <bndbox>
            <xmin>699.0228515625</xmin>
            <ymin>262.7611328125</ymin>
            <xmax>1295.2665771484367</xmax>
            <ymax>854.8921875000011</ymax>
        </bndbox>
    </object>
</annotation>
