<annotation>
    <folder></folder>
    <filename>frame_000142</filename>
    <path></path>
    <source>
        <database>Unknown</database>
    </source>
    <size>
        <width>1920</width>
        <height>1080</height>
        <depth>3</depth>
    </size>
    <segmented>0</segmented>
    <object>
        <name>bramka</name>
        <pose>Unspecified</pose>
        <truncated>0</truncated>
        <difficult>0</difficult>
        <bndbox>
            <xmin>786.4027343750004</xmin>
            <ymin>245.56005859375</ymin>
            <xmax>1358.2925842285167</xmax>
            <ymax>803.746405029297</ymax>
        </bndbox>
    </object>
</annotation>
