<annotation>
    <folder></folder>
    <filename>frame_000209</filename>
    <path></path>
    <source>
        <database>Unknown</database>
    </source>
    <size>
        <width>1920</width>
        <height>1080</height>
        <depth>3</depth>
    </size>
    <segmented>0</segmented>
    <object>
        <name>bramka</name>
        <pose>Unspecified</pose>
        <truncated>0</truncated>
        <difficult>0</difficult>
        <bndbox>
            <xmin>690.910546875</xmin>
            <ymin>258.35693359375</ymin>
            <xmax>1286.9512438964837</xmax>
            <ymax>849.8828112792978</ymax>
        </bndbox>
    </object>
</annotation>
