<annotation>
    <folder></folder>
    <filename>frame_000291</filename>
    <path></path>
    <source>
        <database>Unknown</database>
    </source>
    <size>
        <width>1920</width>
        <height>1080</height>
        <depth>3</depth>
    </size>
    <segmented>0</segmented>
    <object>
        <name>bramka</name>
        <pose>Unspecified</pose>
        <truncated>0</truncated>
        <difficult>0</difficult>
        <bndbox>
            <xmin>637.99541015625</xmin>
            <ymin>115.321875</ymin>
            <xmax>1248.2789428710923</xmax>
            <ymax>711.4265624999992</ymax>
        </bndbox>
    </object>
</annotation>
