<annotation>
    <folder></folder>
    <filename>frame_000096</filename>
    <path></path>
    <source>
        <database>Unknown</database>
    </source>
    <size>
        <width>1920</width>
        <height>1080</height>
        <depth>3</depth>
    </size>
    <segmented>0</segmented>
    <object>
        <name>bramka</name>
        <pose>Unspecified</pose>
        <truncated>0</truncated>
        <difficult>0</difficult>
        <bndbox>
            <xmin>747.16845703125</xmin>
            <ymin>170.11684570312582</ymin>
            <xmax>1310.899697875977</xmax>
            <ymax>721.9998718261722</ymax>
        </bndbox>
    </object>
</annotation>
