<annotation>
    <folder></folder>
    <filename>frame_000041</filename>
    <path></path>
    <source>
        <database>Unknown</database>
    </source>
    <size>
        <width>1920</width>
        <height>1080</height>
        <depth>3</depth>
    </size>
    <segmented>0</segmented>
    <object>
        <name>bramka</name>
        <pose>Unspecified</pose>
        <truncated>0</truncated>
        <difficult>0</difficult>
        <bndbox>
            <xmin>643.0511067708334</xmin>
            <ymin>94.46614583333333</ymin>
            <xmax>1202.1959025065116</xmax>
            <ymax>663.4062825520832</ymax>
        </bndbox>
    </object>
</annotation>
