<annotation>
    <folder></folder>
    <filename>frame_000431</filename>
    <path></path>
    <source>
        <database>Unknown</database>
    </source>
    <size>
        <width>1920</width>
        <height>1080</height>
        <depth>3</depth>
    </size>
    <segmented>0</segmented>
    <object>
        <name>bramka</name>
        <pose>Unspecified</pose>
        <truncated>0</truncated>
        <difficult>0</difficult>
        <bndbox>
            <xmin>811.19697265625</xmin>
            <ymin>246.89267578125</ymin>
            <xmax>1438.5188232421867</xmax>
            <ymax>845.90927734375</ymax>
        </bndbox>
    </object>
</annotation>
