<annotation>
    <folder></folder>
    <filename>frame_000198</filename>
    <path></path>
    <source>
        <database>Unknown</database>
    </source>
    <size>
        <width>1920</width>
        <height>1080</height>
        <depth>3</depth>
    </size>
    <segmented>0</segmented>
    <object>
        <name>bramka</name>
        <pose>Unspecified</pose>
        <truncated>0</truncated>
        <difficult>0</difficult>
        <bndbox>
            <xmin>723.0673828125</xmin>
            <ymin>281.9970703125</ymin>
            <xmax>1319.3111083984368</xmax>
            <ymax>874.1281250000011</ymax>
        </bndbox>
    </object>
</annotation>
