<annotation>
    <folder></folder>
    <filename>frame_000407</filename>
    <path></path>
    <source>
        <database>Unknown</database>
    </source>
    <size>
        <width>1920</width>
        <height>1080</height>
        <depth>3</depth>
    </size>
    <segmented>0</segmented>
    <object>
        <name>bramka</name>
        <pose>Unspecified</pose>
        <truncated>0</truncated>
        <difficult>0</difficult>
        <bndbox>
            <xmin>817.2228125000001</xmin>
            <ymin>245.9912109375</ymin>
            <xmax>1457.3531201171877</xmax>
            <ymax>845.84375</ymax>
        </bndbox>
    </object>
</annotation>
