<annotation>
    <folder></folder>
    <filename>frame_000350</filename>
    <path></path>
    <source>
        <database>Unknown</database>
    </source>
    <size>
        <width>1920</width>
        <height>1080</height>
        <depth>3</depth>
    </size>
    <segmented>0</segmented>
    <object>
        <name>bramka</name>
        <pose>Unspecified</pose>
        <truncated>0</truncated>
        <difficult>0</difficult>
        <bndbox>
            <xmin>844.0765625</xmin>
            <ymin>252.2177734375</ymin>
            <xmax>1471.3998046875</xmax>
            <ymax>851.26171875</ymax>
        </bndbox>
    </object>
</annotation>
