<annotation>
    <folder></folder>
    <filename>frame_000207</filename>
    <path></path>
    <source>
        <database>Unknown</database>
    </source>
    <size>
        <width>1920</width>
        <height>1080</height>
        <depth>3</depth>
    </size>
    <segmented>0</segmented>
    <object>
        <name>bramka</name>
        <pose>Unspecified</pose>
        <truncated>0</truncated>
        <difficult>0</difficult>
        <bndbox>
            <xmin>696.01728515625</xmin>
            <ymin>260.356640625</ymin>
            <xmax>1292.2610107421867</xmax>
            <ymax>852.487695312501</ymax>
        </bndbox>
    </object>
</annotation>
