<annotation>
    <folder></folder>
    <filename>frame_000045</filename>
    <path></path>
    <source>
        <database>Unknown</database>
    </source>
    <size>
        <width>1920</width>
        <height>1080</height>
        <depth>3</depth>
    </size>
    <segmented>0</segmented>
    <object>
        <name>bramka</name>
        <pose>Unspecified</pose>
        <truncated>0</truncated>
        <difficult>0</difficult>
        <bndbox>
            <xmin>651.4625651041666</xmin>
            <ymin>92.01041666666667</ymin>
            <xmax>1211.2115437825523</xmax>
            <ymax>662.1798502604161</ymax>
        </bndbox>
    </object>
</annotation>
