<annotation>
    <folder></folder>
    <filename>frame_000074</filename>
    <path></path>
    <source>
        <database>Unknown</database>
    </source>
    <size>
        <width>1920</width>
        <height>1080</height>
        <depth>3</depth>
    </size>
    <segmented>0</segmented>
    <object>
        <name>bramka</name>
        <pose>Unspecified</pose>
        <truncated>0</truncated>
        <difficult>0</difficult>
        <bndbox>
            <xmin>732.6984375</xmin>
            <ymin>121.829296875</ymin>
            <xmax>1290.611718750001</xmax>
            <ymax>685.6482666015625</ymax>
        </bndbox>
    </object>
</annotation>
