<annotation>
    <folder></folder>
    <filename>frame_000077</filename>
    <path></path>
    <source>
        <database>Unknown</database>
    </source>
    <size>
        <width>1920</width>
        <height>1080</height>
        <depth>3</depth>
    </size>
    <segmented>0</segmented>
    <object>
        <name>bramka</name>
        <pose>Unspecified</pose>
        <truncated>0</truncated>
        <difficult>0</difficult>
        <bndbox>
            <xmin>736.87119140625</xmin>
            <ymin>128.24912109375</ymin>
            <xmax>1294.7844726562512</xmax>
            <ymax>692.0680908203125</ymax>
        </bndbox>
    </object>
</annotation>
