<annotation>
    <folder></folder>
    <filename>frame_000068</filename>
    <path></path>
    <source>
        <database>Unknown</database>
    </source>
    <size>
        <width>1920</width>
        <height>1080</height>
        <depth>3</depth>
    </size>
    <segmented>0</segmented>
    <object>
        <name>bramka</name>
        <pose>Unspecified</pose>
        <truncated>0</truncated>
        <difficult>0</difficult>
        <bndbox>
            <xmin>713.685546875</xmin>
            <ymin>107.798828125</ymin>
            <xmax>1271.598828125001</xmax>
            <ymax>671.6177978515625</ymax>
        </bndbox>
    </object>
</annotation>
