<annotation>
    <folder></folder>
    <filename>frame_000280</filename>
    <path></path>
    <source>
        <database>Unknown</database>
    </source>
    <size>
        <width>1920</width>
        <height>1080</height>
        <depth>3</depth>
    </size>
    <segmented>0</segmented>
    <object>
        <name>bramka</name>
        <pose>Unspecified</pose>
        <truncated>0</truncated>
        <difficult>0</difficult>
        <bndbox>
            <xmin>638.4966796875</xmin>
            <ymin>112.316015625</ymin>
            <xmax>1248.7802124023424</xmax>
            <ymax>708.4207031249992</ymax>
        </bndbox>
    </object>
</annotation>
