<annotation>
    <folder></folder>
    <filename>frame_000003</filename>
    <path></path>
    <source>
        <database>Unknown</database>
    </source>
    <size>
        <width>1920</width>
        <height>1080</height>
        <depth>3</depth>
    </size>
    <segmented>0</segmented>
    <object>
        <name>bramka</name>
        <pose>Unspecified</pose>
        <truncated>0</truncated>
        <difficult>0</difficult>
        <bndbox>
            <xmin>595.16552734375</xmin>
            <ymin>136.68701171875</ymin>
            <xmax>1147.7796374511722</xmax>
            <ymax>697.4799890136721</ymax>
        </bndbox>
    </object>
</annotation>
