<annotation>
    <folder></folder>
    <filename>frame_000065</filename>
    <path></path>
    <source>
        <database>Unknown</database>
    </source>
    <size>
        <width>1920</width>
        <height>1080</height>
        <depth>3</depth>
    </size>
    <segmented>0</segmented>
    <object>
        <name>bramka</name>
        <pose>Unspecified</pose>
        <truncated>0</truncated>
        <difficult>0</difficult>
        <bndbox>
            <xmin>709.087890625</xmin>
            <ymin>108.05203683035714</ymin>
            <xmax>1267.001171875001</xmax>
            <ymax>671.8710065569196</ymax>
        </bndbox>
    </object>
</annotation>
