<annotation>
    <folder></folder>
    <filename>frame_000293</filename>
    <path></path>
    <source>
        <database>Unknown</database>
    </source>
    <size>
        <width>1920</width>
        <height>1080</height>
        <depth>3</depth>
    </size>
    <segmented>0</segmented>
    <object>
        <name>bramka</name>
        <pose>Unspecified</pose>
        <truncated>0</truncated>
        <difficult>0</difficult>
        <bndbox>
            <xmin>641.40185546875</xmin>
            <ymin>115.72265625</ymin>
            <xmax>1251.6853881835923</xmax>
            <ymax>711.8273437499993</ymax>
        </bndbox>
    </object>
</annotation>
