<annotation>
    <folder></folder>
    <filename>frame_000160</filename>
    <path></path>
    <source>
        <database>Unknown</database>
    </source>
    <size>
        <width>1920</width>
        <height>1080</height>
        <depth>3</depth>
    </size>
    <segmented>0</segmented>
    <object>
        <name>bramka</name>
        <pose>Unspecified</pose>
        <truncated>0</truncated>
        <difficult>0</difficult>
        <bndbox>
            <xmin>771.3185546875</xmin>
            <ymin>249.59226562500118</ymin>
            <xmax>1342.8802392578123</xmax>
            <ymax>823.86990234375</ymax>
        </bndbox>
    </object>
</annotation>
