<annotation>
    <folder></folder>
    <filename>frame_000256</filename>
    <path></path>
    <source>
        <database>Unknown</database>
    </source>
    <size>
        <width>1920</width>
        <height>1080</height>
        <depth>3</depth>
    </size>
    <segmented>0</segmented>
    <object>
        <name>bramka</name>
        <pose>Unspecified</pose>
        <truncated>0</truncated>
        <difficult>0</difficult>
        <bndbox>
            <xmin>642.50625</xmin>
            <ymin>105.1072265625</ymin>
            <xmax>1250.9858032226548</xmax>
            <ymax>700.606403808593</ymax>
        </bndbox>
    </object>
</annotation>
