<annotation>
    <folder></folder>
    <filename>frame_000405</filename>
    <path></path>
    <source>
        <database>Unknown</database>
    </source>
    <size>
        <width>1920</width>
        <height>1080</height>
        <depth>3</depth>
    </size>
    <segmented>0</segmented>
    <object>
        <name>bramka</name>
        <pose>Unspecified</pose>
        <truncated>0</truncated>
        <difficult>0</difficult>
        <bndbox>
            <xmin>818.228515625</xmin>
            <ymin>246.9931640625</ymin>
            <xmax>1461.5609375000004</xmax>
            <ymax>847.0546875</ymax>
        </bndbox>
    </object>
</annotation>
