<annotation>
    <folder></folder>
    <filename>frame_000399</filename>
    <path></path>
    <source>
        <database>Unknown</database>
    </source>
    <size>
        <width>1920</width>
        <height>1080</height>
        <depth>3</depth>
    </size>
    <segmented>0</segmented>
    <object>
        <name>bramka</name>
        <pose>Unspecified</pose>
        <truncated>0</truncated>
        <difficult>0</difficult>
        <bndbox>
            <xmin>830.851953125</xmin>
            <ymin>249.397265625</ymin>
            <xmax>1474.1843750000003</xmax>
            <ymax>849.4587890625</ymax>
        </bndbox>
    </object>
</annotation>
