<annotation>
    <folder></folder>
    <filename>frame_000318</filename>
    <path></path>
    <source>
        <database>Unknown</database>
    </source>
    <size>
        <width>1920</width>
        <height>1080</height>
        <depth>3</depth>
    </size>
    <segmented>0</segmented>
    <object>
        <name>bramka</name>
        <pose>Unspecified</pose>
        <truncated>0</truncated>
        <difficult>0</difficult>
        <bndbox>
            <xmin>688.990234375</xmin>
            <ymin>153.8349609375</ymin>
            <xmax>1305.301953125001</xmax>
            <ymax>736.9000000000015</ymax>
        </bndbox>
    </object>
</annotation>
