<annotation>
    <folder></folder>
    <filename>frame_000279</filename>
    <path></path>
    <source>
        <database>Unknown</database>
    </source>
    <size>
        <width>1920</width>
        <height>1080</height>
        <depth>3</depth>
    </size>
    <segmented>0</segmented>
    <object>
        <name>bramka</name>
        <pose>Unspecified</pose>
        <truncated>0</truncated>
        <difficult>0</difficult>
        <bndbox>
            <xmin>639.198046875</xmin>
            <ymin>112.0154296875</ymin>
            <xmax>1249.4815795898423</xmax>
            <ymax>708.1201171874993</ymax>
        </bndbox>
    </object>
</annotation>
