<annotation>
    <folder></folder>
    <filename>frame_000326</filename>
    <path></path>
    <source>
        <database>Unknown</database>
    </source>
    <size>
        <width>1920</width>
        <height>1080</height>
        <depth>3</depth>
    </size>
    <segmented>0</segmented>
    <object>
        <name>bramka</name>
        <pose>Unspecified</pose>
        <truncated>0</truncated>
        <difficult>0</difficult>
        <bndbox>
            <xmin>733.0714285714286</xmin>
            <ymin>173.07101004464286</ymin>
            <xmax>1349.3831473214298</xmax>
            <ymax>764.5302647181912</ymax>
        </bndbox>
    </object>
</annotation>
