<annotation>
    <folder></folder>
    <filename>frame_000354</filename>
    <path></path>
    <source>
        <database>Unknown</database>
    </source>
    <size>
        <width>1920</width>
        <height>1080</height>
        <depth>3</depth>
    </size>
    <segmented>0</segmented>
    <object>
        <name>bramka</name>
        <pose>Unspecified</pose>
        <truncated>0</truncated>
        <difficult>0</difficult>
        <bndbox>
            <xmin>851.690625</xmin>
            <ymin>254.6220703125</ymin>
            <xmax>1479.0138671875</xmax>
            <ymax>853.666015625</ymax>
        </bndbox>
    </object>
</annotation>
