<annotation>
    <folder></folder>
    <filename>frame_000217</filename>
    <path></path>
    <source>
        <database>Unknown</database>
    </source>
    <size>
        <width>1920</width>
        <height>1080</height>
        <depth>3</depth>
    </size>
    <segmented>0</segmented>
    <object>
        <name>bramka</name>
        <pose>Unspecified</pose>
        <truncated>0</truncated>
        <difficult>0</difficult>
        <bndbox>
            <xmin>674.101171875</xmin>
            <ymin>261.59521484375</ymin>
            <xmax>1268.5176403808593</xmax>
            <ymax>848.279676513672</ymax>
        </bndbox>
    </object>
</annotation>
