<annotation>
    <folder></folder>
    <filename>frame_000357</filename>
    <path></path>
    <source>
        <database>Unknown</database>
    </source>
    <size>
        <width>1920</width>
        <height>1080</height>
        <depth>3</depth>
    </size>
    <segmented>0</segmented>
    <object>
        <name>bramka</name>
        <pose>Unspecified</pose>
        <truncated>0</truncated>
        <difficult>0</difficult>
        <bndbox>
            <xmin>857.401171875</xmin>
            <ymin>256.42529296875</ymin>
            <xmax>1484.7244140625</xmax>
            <ymax>855.46923828125</ymax>
        </bndbox>
    </object>
</annotation>
