<annotation>
    <folder></folder>
    <filename>frame_000187</filename>
    <path></path>
    <source>
        <database>Unknown</database>
    </source>
    <size>
        <width>1920</width>
        <height>1080</height>
        <depth>3</depth>
    </size>
    <segmented>0</segmented>
    <object>
        <name>bramka</name>
        <pose>Unspecified</pose>
        <truncated>0</truncated>
        <difficult>0</difficult>
        <bndbox>
            <xmin>745.3443359375</xmin>
            <ymin>287.29931640625</ymin>
            <xmax>1325.1306762695299</xmax>
            <ymax>877.17919921875</ymax>
        </bndbox>
    </object>
</annotation>
