<annotation>
    <folder></folder>
    <filename>frame_000356</filename>
    <path></path>
    <source>
        <database>Unknown</database>
    </source>
    <size>
        <width>1920</width>
        <height>1080</height>
        <depth>3</depth>
    </size>
    <segmented>0</segmented>
    <object>
        <name>bramka</name>
        <pose>Unspecified</pose>
        <truncated>0</truncated>
        <difficult>0</difficult>
        <bndbox>
            <xmin>855.49765625</xmin>
            <ymin>255.82421875</ymin>
            <xmax>1482.8208984375</xmax>
            <ymax>854.8681640625</ymax>
        </bndbox>
    </object>
</annotation>
