<annotation>
    <folder></folder>
    <filename>frame_000315</filename>
    <path></path>
    <source>
        <database>Unknown</database>
    </source>
    <size>
        <width>1920</width>
        <height>1080</height>
        <depth>3</depth>
    </size>
    <segmented>0</segmented>
    <object>
        <name>bramka</name>
        <pose>Unspecified</pose>
        <truncated>0</truncated>
        <difficult>0</difficult>
        <bndbox>
            <xmin>677.36865234375</xmin>
            <ymin>143.70361328125</ymin>
            <xmax>1291.8719152832036</xmax>
            <ymax>733.280036621094</ymax>
        </bndbox>
    </object>
</annotation>
