<annotation>
    <folder></folder>
    <filename>frame_000080</filename>
    <path></path>
    <source>
        <database>Unknown</database>
    </source>
    <size>
        <width>1920</width>
        <height>1080</height>
        <depth>3</depth>
    </size>
    <segmented>0</segmented>
    <object>
        <name>bramka</name>
        <pose>Unspecified</pose>
        <truncated>0</truncated>
        <difficult>0</difficult>
        <bndbox>
            <xmin>741.0439453125</xmin>
            <ymin>134.6689453125</ymin>
            <xmax>1298.957226562501</xmax>
            <ymax>698.4879150390625</ymax>
        </bndbox>
    </object>
</annotation>
