<annotation>
    <folder></folder>
    <filename>frame_000052</filename>
    <path></path>
    <source>
        <database>Unknown</database>
    </source>
    <size>
        <width>1920</width>
        <height>1080</height>
        <depth>3</depth>
    </size>
    <segmented>0</segmented>
    <object>
        <name>bramka</name>
        <pose>Unspecified</pose>
        <truncated>0</truncated>
        <difficult>0</difficult>
        <bndbox>
            <xmin>670.61796875</xmin>
            <ymin>96.9015625</ymin>
            <xmax>1229.3956250000015</xmax>
            <ymax>664.5716064453125</ymax>
        </bndbox>
    </object>
</annotation>
