<annotation>
    <folder></folder>
    <filename>frame_000287</filename>
    <path></path>
    <source>
        <database>Unknown</database>
    </source>
    <size>
        <width>1920</width>
        <height>1080</height>
        <depth>3</depth>
    </size>
    <segmented>0</segmented>
    <object>
        <name>bramka</name>
        <pose>Unspecified</pose>
        <truncated>0</truncated>
        <difficult>0</difficult>
        <bndbox>
            <xmin>633.587109375</xmin>
            <ymin>114.4201171875</ymin>
            <xmax>1243.8706420898422</xmax>
            <ymax>710.5248046874992</ymax>
        </bndbox>
    </object>
</annotation>
