<annotation>
    <folder></folder>
    <filename>frame_000332</filename>
    <path></path>
    <source>
        <database>Unknown</database>
    </source>
    <size>
        <width>1920</width>
        <height>1080</height>
        <depth>3</depth>
    </size>
    <segmented>0</segmented>
    <object>
        <name>bramka</name>
        <pose>Unspecified</pose>
        <truncated>0</truncated>
        <difficult>0</difficult>
        <bndbox>
            <xmin>762.52578125</xmin>
            <ymin>194.3103515625</ymin>
            <xmax>1383.2421093750006</xmax>
            <ymax>791.5654223632806</ymax>
        </bndbox>
    </object>
</annotation>
