<annotation>
    <folder></folder>
    <filename>frame_000234</filename>
    <path></path>
    <source>
        <database>Unknown</database>
    </source>
    <size>
        <width>1920</width>
        <height>1080</height>
        <depth>3</depth>
    </size>
    <segmented>0</segmented>
    <object>
        <name>bramka</name>
        <pose>Unspecified</pose>
        <truncated>0</truncated>
        <difficult>0</difficult>
        <bndbox>
            <xmin>645.5290625000009</xmin>
            <ymin>186.26906250000064</ymin>
            <xmax>1243.9726196289062</xmax>
            <ymax>776.5470581054688</ymax>
        </bndbox>
    </object>
</annotation>
