<annotation>
    <folder></folder>
    <filename>frame_000468</filename>
    <path></path>
    <source>
        <database>Unknown</database>
    </source>
    <size>
        <width>1920</width>
        <height>1080</height>
        <depth>3</depth>
    </size>
    <segmented>0</segmented>
    <object>
        <name>bramka</name>
        <pose>Unspecified</pose>
        <truncated>0</truncated>
        <difficult>0</difficult>
        <bndbox>
            <xmin>785.9626953125</xmin>
            <ymin>244.7888671875</ymin>
            <xmax>1442.303515625</xmax>
            <ymax>855.8771484375004</ymax>
        </bndbox>
    </object>
</annotation>
