<annotation>
    <folder></folder>
    <filename>frame_000290</filename>
    <path></path>
    <source>
        <database>Unknown</database>
    </source>
    <size>
        <width>1920</width>
        <height>1080</height>
        <depth>3</depth>
    </size>
    <segmented>0</segmented>
    <object>
        <name>bramka</name>
        <pose>Unspecified</pose>
        <truncated>0</truncated>
        <difficult>0</difficult>
        <bndbox>
            <xmin>636.2921875</xmin>
            <ymin>115.121484375</ymin>
            <xmax>1246.5757202148422</xmax>
            <ymax>711.2261718749993</ymax>
        </bndbox>
    </object>
</annotation>
