<annotation>
    <folder></folder>
    <filename>frame_000118</filename>
    <path></path>
    <source>
        <database>Unknown</database>
    </source>
    <size>
        <width>1920</width>
        <height>1080</height>
        <depth>3</depth>
    </size>
    <segmented>0</segmented>
    <object>
        <name>bramka</name>
        <pose>Unspecified</pose>
        <truncated>0</truncated>
        <difficult>0</difficult>
        <bndbox>
            <xmin>776.830078125</xmin>
            <ymin>169.7958984375</ymin>
            <xmax>1343.495312500001</xmax>
            <ymax>727.5217651367184</ymax>
        </bndbox>
    </object>
</annotation>
