<annotation>
    <folder></folder>
    <filename>frame_000054</filename>
    <path></path>
    <source>
        <database>Unknown</database>
    </source>
    <size>
        <width>1920</width>
        <height>1080</height>
        <depth>3</depth>
    </size>
    <segmented>0</segmented>
    <object>
        <name>bramka</name>
        <pose>Unspecified</pose>
        <truncated>0</truncated>
        <difficult>0</difficult>
        <bndbox>
            <xmin>678.06015625</xmin>
            <ymin>98.051171875</ymin>
            <xmax>1236.6217187500013</xmax>
            <ymax>664.758447265625</ymax>
        </bndbox>
    </object>
</annotation>
