<annotation>
    <folder></folder>
    <filename>frame_000417</filename>
    <path></path>
    <source>
        <database>Unknown</database>
    </source>
    <size>
        <width>1920</width>
        <height>1080</height>
        <depth>3</depth>
    </size>
    <segmented>0</segmented>
    <object>
        <name>bramka</name>
        <pose>Unspecified</pose>
        <truncated>0</truncated>
        <difficult>0</difficult>
        <bndbox>
            <xmin>812.1982812500006</xmin>
            <ymin>242.7849609375</ymin>
            <xmax>1439.5201318359373</xmax>
            <ymax>841.8015625</ymax>
        </bndbox>
    </object>
</annotation>
