<annotation>
    <folder></folder>
    <filename>frame_000278</filename>
    <path></path>
    <source>
        <database>Unknown</database>
    </source>
    <size>
        <width>1920</width>
        <height>1080</height>
        <depth>3</depth>
    </size>
    <segmented>0</segmented>
    <object>
        <name>bramka</name>
        <pose>Unspecified</pose>
        <truncated>0</truncated>
        <difficult>0</difficult>
        <bndbox>
            <xmin>639.8994140625</xmin>
            <ymin>111.71484375</ymin>
            <xmax>1250.1829467773423</xmax>
            <ymax>707.8195312499993</ymax>
        </bndbox>
    </object>
</annotation>
