<annotation>
    <folder></folder>
    <filename>frame_000082</filename>
    <path></path>
    <source>
        <database>Unknown</database>
    </source>
    <size>
        <width>1920</width>
        <height>1080</height>
        <depth>3</depth>
    </size>
    <segmented>0</segmented>
    <object>
        <name>bramka</name>
        <pose>Unspecified</pose>
        <truncated>0</truncated>
        <difficult>0</difficult>
        <bndbox>
            <xmin>742.029296875</xmin>
            <ymin>137.7126302083337</ymin>
            <xmax>1300.445910644532</xmax>
            <ymax>701.270263671875</ymax>
        </bndbox>
    </object>
</annotation>
