<annotation>
    <folder></folder>
    <filename>frame_000171</filename>
    <path></path>
    <source>
        <database>Unknown</database>
    </source>
    <size>
        <width>1920</width>
        <height>1080</height>
        <depth>3</depth>
    </size>
    <segmented>0</segmented>
    <object>
        <name>bramka</name>
        <pose>Unspecified</pose>
        <truncated>0</truncated>
        <difficult>0</difficult>
        <bndbox>
            <xmin>756.76044921875</xmin>
            <ymin>260.8478515625</ymin>
            <xmax>1333.9153723144523</xmax>
            <ymax>845.5162890625003</ymax>
        </bndbox>
    </object>
</annotation>
