<annotation>
    <folder></folder>
    <filename>frame_000339</filename>
    <path></path>
    <source>
        <database>Unknown</database>
    </source>
    <size>
        <width>1920</width>
        <height>1080</height>
        <depth>3</depth>
    </size>
    <segmented>0</segmented>
    <object>
        <name>bramka</name>
        <pose>Unspecified</pose>
        <truncated>0</truncated>
        <difficult>0</difficult>
        <bndbox>
            <xmin>795.18603515625</xmin>
            <ymin>222.17802734375073</ymin>
            <xmax>1425.5</xmax>
            <ymax>821.2060546875</ymax>
        </bndbox>
    </object>
</annotation>
