<annotation>
    <folder></folder>
    <filename>frame_000374</filename>
    <path></path>
    <source>
        <database>Unknown</database>
    </source>
    <size>
        <width>1920</width>
        <height>1080</height>
        <depth>3</depth>
    </size>
    <segmented>0</segmented>
    <object>
        <name>bramka</name>
        <pose>Unspecified</pose>
        <truncated>0</truncated>
        <difficult>0</difficult>
        <bndbox>
            <xmin>865.7162109375</xmin>
            <ymin>265.8431640625</ymin>
            <xmax>1493.039453125</xmax>
            <ymax>864.887109375</ymax>
        </bndbox>
    </object>
</annotation>
