<annotation>
    <folder></folder>
    <filename>frame_000423</filename>
    <path></path>
    <source>
        <database>Unknown</database>
    </source>
    <size>
        <width>1920</width>
        <height>1080</height>
        <depth>3</depth>
    </size>
    <segmented>0</segmented>
    <object>
        <name>bramka</name>
        <pose>Unspecified</pose>
        <truncated>0</truncated>
        <difficult>0</difficult>
        <bndbox>
            <xmin>809.1931250000001</xmin>
            <ymin>245.1896484375</ymin>
            <xmax>1436.514975585937</xmax>
            <ymax>844.20625</ymax>
        </bndbox>
    </object>
</annotation>
