<annotation>
    <folder></folder>
    <filename>frame_000035</filename>
    <path></path>
    <source>
        <database>Unknown</database>
    </source>
    <size>
        <width>1920</width>
        <height>1080</height>
        <depth>3</depth>
    </size>
    <segmented>0</segmented>
    <object>
        <name>bramka</name>
        <pose>Unspecified</pose>
        <truncated>0</truncated>
        <difficult>0</difficult>
        <bndbox>
            <xmin>638.1243489583334</xmin>
            <ymin>97.63433159722223</ymin>
            <xmax>1191.412708875868</xmax>
            <ymax>666.8584120008677</ymax>
        </bndbox>
    </object>
</annotation>
