<annotation>
    <folder></folder>
    <filename>frame_000114</filename>
    <path></path>
    <source>
        <database>Unknown</database>
    </source>
    <size>
        <width>1920</width>
        <height>1080</height>
        <depth>3</depth>
    </size>
    <segmented>0</segmented>
    <object>
        <name>bramka</name>
        <pose>Unspecified</pose>
        <truncated>0</truncated>
        <difficult>0</difficult>
        <bndbox>
            <xmin>771.9580078125</xmin>
            <ymin>171.69794921875018</ymin>
            <xmax>1343.097656250001</xmax>
            <ymax>728.4954406738279</ymax>
        </bndbox>
    </object>
</annotation>
