<annotation>
    <folder></folder>
    <filename>frame_000253</filename>
    <path></path>
    <source>
        <database>Unknown</database>
    </source>
    <size>
        <width>1920</width>
        <height>1080</height>
        <depth>3</depth>
    </size>
    <segmented>0</segmented>
    <object>
        <name>bramka</name>
        <pose>Unspecified</pose>
        <truncated>0</truncated>
        <difficult>0</difficult>
        <bndbox>
            <xmin>638.900390625</xmin>
            <ymin>105.71484375</ymin>
            <xmax>1244.6739746093735</xmax>
            <ymax>700.3057556152335</ymax>
        </bndbox>
    </object>
</annotation>
