<annotation>
    <folder></folder>
    <filename>frame_000154</filename>
    <path></path>
    <source>
        <database>Unknown</database>
    </source>
    <size>
        <width>1920</width>
        <height>1080</height>
        <depth>3</depth>
    </size>
    <segmented>0</segmented>
    <object>
        <name>bramka</name>
        <pose>Unspecified</pose>
        <truncated>0</truncated>
        <difficult>0</difficult>
        <bndbox>
            <xmin>777.2928125000005</xmin>
            <ymin>247.52476562500087</ymin>
            <xmax>1346.632666015625</xmax>
            <ymax>818.6429833984381</ymax>
        </bndbox>
    </object>
</annotation>
