<annotation>
    <folder></folder>
    <filename>frame_000398</filename>
    <path></path>
    <source>
        <database>Unknown</database>
    </source>
    <size>
        <width>1920</width>
        <height>1080</height>
        <depth>3</depth>
    </size>
    <segmented>0</segmented>
    <object>
        <name>bramka</name>
        <pose>Unspecified</pose>
        <truncated>0</truncated>
        <difficult>0</difficult>
        <bndbox>
            <xmin>832.955859375</xmin>
            <ymin>249.79794921875</ymin>
            <xmax>1476.2882812500004</xmax>
            <ymax>849.85947265625</ymax>
        </bndbox>
    </object>
</annotation>
