<annotation>
    <folder></folder>
    <filename>frame_000288</filename>
    <path></path>
    <source>
        <database>Unknown</database>
    </source>
    <size>
        <width>1920</width>
        <height>1080</height>
        <depth>3</depth>
    </size>
    <segmented>0</segmented>
    <object>
        <name>bramka</name>
        <pose>Unspecified</pose>
        <truncated>0</truncated>
        <difficult>0</difficult>
        <bndbox>
            <xmin>632.8857421875</xmin>
            <ymin>114.720703125</ymin>
            <xmax>1243.1692749023423</xmax>
            <ymax>710.8253906249993</ymax>
        </bndbox>
    </object>
</annotation>
