<annotation>
    <folder></folder>
    <filename>frame_000127</filename>
    <path></path>
    <source>
        <database>Unknown</database>
    </source>
    <size>
        <width>1920</width>
        <height>1080</height>
        <depth>3</depth>
    </size>
    <segmented>0</segmented>
    <object>
        <name>bramka</name>
        <pose>Unspecified</pose>
        <truncated>0</truncated>
        <difficult>0</difficult>
        <bndbox>
            <xmin>781.3618861607143</xmin>
            <ymin>201.88071986607144</ymin>
            <xmax>1353.2858816964292</xmax>
            <ymax>755.909019252232</ymax>
        </bndbox>
    </object>
</annotation>
