<annotation>
    <folder></folder>
    <filename>frame_000040</filename>
    <path></path>
    <source>
        <database>Unknown</database>
    </source>
    <size>
        <width>1920</width>
        <height>1080</height>
        <depth>3</depth>
    </size>
    <segmented>0</segmented>
    <object>
        <name>bramka</name>
        <pose>Unspecified</pose>
        <truncated>0</truncated>
        <difficult>0</difficult>
        <bndbox>
            <xmin>640.9482421875</xmin>
            <ymin>95.080078125</ymin>
            <xmax>1199.9419921875015</xmax>
            <ymax>663.712890625</ymax>
        </bndbox>
    </object>
</annotation>
