<annotation>
    <folder></folder>
    <filename>frame_000036</filename>
    <path></path>
    <source>
        <database>Unknown</database>
    </source>
    <size>
        <width>1920</width>
        <height>1080</height>
        <depth>3</depth>
    </size>
    <segmented>0</segmented>
    <object>
        <name>bramka</name>
        <pose>Unspecified</pose>
        <truncated>0</truncated>
        <difficult>0</difficult>
        <bndbox>
            <xmin>638.6891276041666</xmin>
            <ymin>97.12348090277777</ymin>
            <xmax>1193.1185655381948</xmax>
            <ymax>666.2293077256941</ymax>
        </bndbox>
    </object>
</annotation>
