<annotation>
    <folder></folder>
    <filename>frame_000069</filename>
    <path></path>
    <source>
        <database>Unknown</database>
    </source>
    <size>
        <width>1920</width>
        <height>1080</height>
        <depth>3</depth>
    </size>
    <segmented>0</segmented>
    <object>
        <name>bramka</name>
        <pose>Unspecified</pose>
        <truncated>0</truncated>
        <difficult>0</difficult>
        <bndbox>
            <xmin>720.41015625</xmin>
            <ymin>110.5341796875</ymin>
            <xmax>1278.323437500001</xmax>
            <ymax>674.3531494140625</ymax>
        </bndbox>
    </object>
</annotation>
