<annotation>
    <folder></folder>
    <filename>frame_000236</filename>
    <path></path>
    <source>
        <database>Unknown</database>
    </source>
    <size>
        <width>1920</width>
        <height>1080</height>
        <depth>3</depth>
    </size>
    <segmented>0</segmented>
    <object>
        <name>bramka</name>
        <pose>Unspecified</pose>
        <truncated>0</truncated>
        <difficult>0</difficult>
        <bndbox>
            <xmin>641.7145312500012</xmin>
            <ymin>166.03453125000087</ymin>
            <xmax>1241.5681274414062</xmax>
            <ymax>757.7120971679688</ymax>
        </bndbox>
    </object>
</annotation>
