<annotation>
    <folder></folder>
    <filename>frame_000013</filename>
    <path></path>
    <source>
        <database>Unknown</database>
    </source>
    <size>
        <width>1920</width>
        <height>1080</height>
        <depth>3</depth>
    </size>
    <segmented>0</segmented>
    <object>
        <name>bramka</name>
        <pose>Unspecified</pose>
        <truncated>0</truncated>
        <difficult>0</difficult>
        <bndbox>
            <xmin>620.408203125</xmin>
            <ymin>123.630859375</ymin>
            <xmax>1161.7750000000015</xmax>
            <ymax>681.0154296875007</ymax>
        </bndbox>
    </object>
</annotation>
