<annotation>
    <folder></folder>
    <filename>frame_000008</filename>
    <path></path>
    <source>
        <database>Unknown</database>
    </source>
    <size>
        <width>1920</width>
        <height>1080</height>
        <depth>3</depth>
    </size>
    <segmented>0</segmented>
    <object>
        <name>bramka</name>
        <pose>Unspecified</pose>
        <truncated>0</truncated>
        <difficult>0</difficult>
        <bndbox>
            <xmin>607.2138671875</xmin>
            <ymin>131.064453125</ymin>
            <xmax>1151.7941821289073</xmax>
            <ymax>689.4228540039069</ymax>
        </bndbox>
    </object>
</annotation>
