<annotation>
    <folder></folder>
    <filename>frame_000389</filename>
    <path></path>
    <source>
        <database>Unknown</database>
    </source>
    <size>
        <width>1920</width>
        <height>1080</height>
        <depth>3</depth>
    </size>
    <segmented>0</segmented>
    <object>
        <name>bramka</name>
        <pose>Unspecified</pose>
        <truncated>0</truncated>
        <difficult>0</difficult>
        <bndbox>
            <xmin>847.0822265625</xmin>
            <ymin>252.8</ymin>
            <xmax>1487.4000000000003</xmax>
            <ymax>850.4603515625</ymax>
        </bndbox>
    </object>
</annotation>
