<annotation>
    <folder></folder>
    <filename>frame_000472</filename>
    <path></path>
    <source>
        <database>Unknown</database>
    </source>
    <size>
        <width>1920</width>
        <height>1080</height>
        <depth>3</depth>
    </size>
    <segmented>0</segmented>
    <object>
        <name>bramka</name>
        <pose>Unspecified</pose>
        <truncated>0</truncated>
        <difficult>0</difficult>
        <bndbox>
            <xmin>788.3673828125</xmin>
            <ymin>247.1935546875</ymin>
            <xmax>1444.708203125</xmax>
            <ymax>858.2818359375003</ymax>
        </bndbox>
    </object>
</annotation>
