<annotation>
    <folder></folder>
    <filename>frame_000024</filename>
    <path></path>
    <source>
        <database>Unknown</database>
    </source>
    <size>
        <width>1920</width>
        <height>1080</height>
        <depth>3</depth>
    </size>
    <segmented>0</segmented>
    <object>
        <name>bramka</name>
        <pose>Unspecified</pose>
        <truncated>0</truncated>
        <difficult>0</difficult>
        <bndbox>
            <xmin>630.51171875</xmin>
            <ymin>104.80000000000109</ymin>
            <xmax>1178.9000000000015</xmax>
            <ymax>669.9628295898438</ymax>
        </bndbox>
    </object>
</annotation>
