<annotation>
    <folder></folder>
    <filename>frame_000239</filename>
    <path></path>
    <source>
        <database>Unknown</database>
    </source>
    <size>
        <width>1920</width>
        <height>1080</height>
        <depth>3</depth>
    </size>
    <segmented>0</segmented>
    <object>
        <name>bramka</name>
        <pose>Unspecified</pose>
        <truncated>0</truncated>
        <difficult>0</difficult>
        <bndbox>
            <xmin>637.3990625000013</xmin>
            <ymin>141.892753906251</ymin>
            <xmax>1238.662697753906</xmax>
            <ymax>734.9698901367186</ymax>
        </bndbox>
    </object>
</annotation>
