<annotation>
    <folder></folder>
    <filename>frame_000087</filename>
    <path></path>
    <source>
        <database>Unknown</database>
    </source>
    <size>
        <width>1920</width>
        <height>1080</height>
        <depth>3</depth>
    </size>
    <segmented>0</segmented>
    <object>
        <name>bramka</name>
        <pose>Unspecified</pose>
        <truncated>0</truncated>
        <difficult>0</difficult>
        <bndbox>
            <xmin>745.66845703125</xmin>
            <ymin>146.86684570312582</ymin>
            <xmax>1304.1674591064457</xmax>
            <ymax>708.2262207031254</ymax>
        </bndbox>
    </object>
</annotation>
