<annotation>
    <folder></folder>
    <filename>frame_000058</filename>
    <path></path>
    <source>
        <database>Unknown</database>
    </source>
    <size>
        <width>1920</width>
        <height>1080</height>
        <depth>3</depth>
    </size>
    <segmented>0</segmented>
    <object>
        <name>bramka</name>
        <pose>Unspecified</pose>
        <truncated>0</truncated>
        <difficult>0</difficult>
        <bndbox>
            <xmin>692.94453125</xmin>
            <ymin>100.350390625</ymin>
            <xmax>1251.073906250001</xmax>
            <ymax>665.13212890625</ymax>
        </bndbox>
    </object>
</annotation>
