<annotation>
    <folder></folder>
    <filename>frame_000233</filename>
    <path></path>
    <source>
        <database>Unknown</database>
    </source>
    <size>
        <width>1920</width>
        <height>1080</height>
        <depth>3</depth>
    </size>
    <segmented>0</segmented>
    <object>
        <name>bramka</name>
        <pose>Unspecified</pose>
        <truncated>0</truncated>
        <difficult>0</difficult>
        <bndbox>
            <xmin>647.4363281250007</xmin>
            <ymin>196.38632812500055</ymin>
            <xmax>1245.1748657226562</xmax>
            <ymax>785.9645385742188</ymax>
        </bndbox>
    </object>
</annotation>
