<annotation>
    <folder></folder>
    <filename>frame_000306</filename>
    <path></path>
    <source>
        <database>Unknown</database>
    </source>
    <size>
        <width>1920</width>
        <height>1080</height>
        <depth>3</depth>
    </size>
    <segmented>0</segmented>
    <object>
        <name>bramka</name>
        <pose>Unspecified</pose>
        <truncated>0</truncated>
        <difficult>0</difficult>
        <bndbox>
            <xmin>658.73359375</xmin>
            <ymin>121.533203125</ymin>
            <xmax>1269.0171264648422</xmax>
            <ymax>717.6378906249993</ymax>
        </bndbox>
    </object>
</annotation>
