<annotation>
    <folder></folder>
    <filename>frame_000174</filename>
    <path></path>
    <source>
        <database>Unknown</database>
    </source>
    <size>
        <width>1920</width>
        <height>1080</height>
        <depth>3</depth>
    </size>
    <segmented>0</segmented>
    <object>
        <name>bramka</name>
        <pose>Unspecified</pose>
        <truncated>0</truncated>
        <difficult>0</difficult>
        <bndbox>
            <xmin>751.146875</xmin>
            <ymin>265.334375</ymin>
            <xmax>1329.4295483398425</xmax>
            <ymax>852.2362890625002</ymax>
        </bndbox>
    </object>
</annotation>
