<annotation>
    <folder></folder>
    <filename>frame_000179</filename>
    <path></path>
    <source>
        <database>Unknown</database>
    </source>
    <size>
        <width>1920</width>
        <height>1080</height>
        <depth>3</depth>
    </size>
    <segmented>0</segmented>
    <object>
        <name>bramka</name>
        <pose>Unspecified</pose>
        <truncated>0</truncated>
        <difficult>0</difficult>
        <bndbox>
            <xmin>743.8490234375</xmin>
            <ymin>273.09228515625</ymin>
            <xmax>1323.6353637695297</xmax>
            <ymax>862.97216796875</ymax>
        </bndbox>
    </object>
</annotation>
