<annotation>
    <folder></folder>
    <filename>frame_000137</filename>
    <path></path>
    <source>
        <database>Unknown</database>
    </source>
    <size>
        <width>1920</width>
        <height>1080</height>
        <depth>3</depth>
    </size>
    <segmented>0</segmented>
    <object>
        <name>bramka</name>
        <pose>Unspecified</pose>
        <truncated>0</truncated>
        <difficult>0</difficult>
        <bndbox>
            <xmin>787.1666015625</xmin>
            <ymin>235.40224609375</ymin>
            <xmax>1360.4591796875015</xmax>
            <ymax>789.8380126953122</ymax>
        </bndbox>
    </object>
</annotation>
