<annotation>
    <folder></folder>
    <filename>frame_000157</filename>
    <path></path>
    <source>
        <database>Unknown</database>
    </source>
    <size>
        <width>1920</width>
        <height>1080</height>
        <depth>3</depth>
    </size>
    <segmented>0</segmented>
    <object>
        <name>bramka</name>
        <pose>Unspecified</pose>
        <truncated>0</truncated>
        <difficult>0</difficult>
        <bndbox>
            <xmin>774.4892187500002</xmin>
            <ymin>247.80619140625132</ymin>
            <xmax>1344.6581665039062</xmax>
            <ymax>819.7644750976564</ymax>
        </bndbox>
    </object>
</annotation>
