<annotation>
    <folder></folder>
    <filename>frame_000273</filename>
    <path></path>
    <source>
        <database>Unknown</database>
    </source>
    <size>
        <width>1920</width>
        <height>1080</height>
        <depth>3</depth>
    </size>
    <segmented>0</segmented>
    <object>
        <name>bramka</name>
        <pose>Unspecified</pose>
        <truncated>0</truncated>
        <difficult>0</difficult>
        <bndbox>
            <xmin>639.39892578125</xmin>
            <ymin>115.72216796875</ymin>
            <xmax>1249.6824584960923</xmax>
            <ymax>711.8268554687493</ymax>
        </bndbox>
    </object>
</annotation>
