<annotation>
    <folder></folder>
    <filename>frame_000004</filename>
    <path></path>
    <source>
        <database>Unknown</database>
    </source>
    <size>
        <width>1920</width>
        <height>1080</height>
        <depth>3</depth>
    </size>
    <segmented>0</segmented>
    <object>
        <name>bramka</name>
        <pose>Unspecified</pose>
        <truncated>0</truncated>
        <difficult>0</difficult>
        <bndbox>
            <xmin>597.5751953125</xmin>
            <ymin>135.5625</ymin>
            <xmax>1148.5825463867193</xmax>
            <ymax>695.8685620117191</ymax>
        </bndbox>
    </object>
</annotation>
