<annotation>
    <folder></folder>
    <filename>frame_000121</filename>
    <path></path>
    <source>
        <database>Unknown</database>
    </source>
    <size>
        <width>1920</width>
        <height>1080</height>
        <depth>3</depth>
    </size>
    <segmented>0</segmented>
    <object>
        <name>bramka</name>
        <pose>Unspecified</pose>
        <truncated>0</truncated>
        <difficult>0</difficult>
        <bndbox>
            <xmin>781.248046875</xmin>
            <ymin>180.1650390625</ymin>
            <xmax>1343.2308593750004</xmax>
            <ymax>733.2729248046871</ymax>
        </bndbox>
    </object>
</annotation>
