<annotation>
    <folder></folder>
    <filename>frame_000172</filename>
    <path></path>
    <source>
        <database>Unknown</database>
    </source>
    <size>
        <width>1920</width>
        <height>1080</height>
        <depth>3</depth>
    </size>
    <segmented>0</segmented>
    <object>
        <name>bramka</name>
        <pose>Unspecified</pose>
        <truncated>0</truncated>
        <difficult>0</difficult>
        <bndbox>
            <xmin>754.8892578125</xmin>
            <ymin>262.343359375</ymin>
            <xmax>1332.420097656249</xmax>
            <ymax>847.7562890625002</ymax>
        </bndbox>
    </object>
</annotation>
