<annotation>
    <folder></folder>
    <filename>frame_000062</filename>
    <path></path>
    <source>
        <database>Unknown</database>
    </source>
    <size>
        <width>1920</width>
        <height>1080</height>
        <depth>3</depth>
    </size>
    <segmented>0</segmented>
    <object>
        <name>bramka</name>
        <pose>Unspecified</pose>
        <truncated>0</truncated>
        <difficult>0</difficult>
        <bndbox>
            <xmin>703.8671875</xmin>
            <ymin>104.12081473214286</ymin>
            <xmax>1261.780468750001</xmax>
            <ymax>667.9397844587054</ymax>
        </bndbox>
    </object>
</annotation>
