<annotation>
    <folder></folder>
    <filename>frame_000497</filename>
    <path></path>
    <source>
        <database>Unknown</database>
    </source>
    <size>
        <width>1920</width>
        <height>1080</height>
        <depth>3</depth>
    </size>
    <segmented>0</segmented>
    <object>
        <name>bramka</name>
        <pose>Unspecified</pose>
        <truncated>0</truncated>
        <difficult>0</difficult>
        <bndbox>
            <xmin>801.7973828125007</xmin>
            <ymin>208.66435546875</ymin>
            <xmax>1490.1973583984375</xmax>
            <ymax>832.69755859375</ymax>
        </bndbox>
    </object>
</annotation>
