<annotation>
    <folder></folder>
    <filename>frame_000265</filename>
    <path></path>
    <source>
        <database>Unknown</database>
    </source>
    <size>
        <width>1920</width>
        <height>1080</height>
        <depth>3</depth>
    </size>
    <segmented>0</segmented>
    <object>
        <name>bramka</name>
        <pose>Unspecified</pose>
        <truncated>0</truncated>
        <difficult>0</difficult>
        <bndbox>
            <xmin>640.701953125</xmin>
            <ymin>115.2212890625</ymin>
            <xmax>1250.9854858398423</xmax>
            <ymax>711.3259765624992</ymax>
        </bndbox>
    </object>
</annotation>
