<annotation>
    <folder></folder>
    <filename>frame_000462</filename>
    <path></path>
    <source>
        <database>Unknown</database>
    </source>
    <size>
        <width>1920</width>
        <height>1080</height>
        <depth>3</depth>
    </size>
    <segmented>0</segmented>
    <object>
        <name>bramka</name>
        <pose>Unspecified</pose>
        <truncated>0</truncated>
        <difficult>0</difficult>
        <bndbox>
            <xmin>791.67294921875</xmin>
            <ymin>245.089453125</ymin>
            <xmax>1442.0095983886717</xmax>
            <ymax>856.1777343750003</ymax>
        </bndbox>
    </object>
</annotation>
