<annotation>
    <folder></folder>
    <filename>frame_000373</filename>
    <path></path>
    <source>
        <database>Unknown</database>
    </source>
    <size>
        <width>1920</width>
        <height>1080</height>
        <depth>3</depth>
    </size>
    <segmented>0</segmented>
    <object>
        <name>bramka</name>
        <pose>Unspecified</pose>
        <truncated>0</truncated>
        <difficult>0</difficult>
        <bndbox>
            <xmin>865.81640625</xmin>
            <ymin>266.54443359375</ymin>
            <xmax>1493.1396484375</xmax>
            <ymax>865.58837890625</ymax>
        </bndbox>
    </object>
</annotation>
