<annotation>
    <folder></folder>
    <filename>frame_000000</filename>
    <path></path>
    <source>
        <database>Unknown</database>
    </source>
    <size>
        <width>1920</width>
        <height>1080</height>
        <depth>3</depth>
    </size>
    <segmented>0</segmented>
    <object>
        <name>bramka</name>
        <pose>Unspecified</pose>
        <truncated>0</truncated>
        <difficult>0</difficult>
        <bndbox>
            <xmin>587.9365234375</xmin>
            <ymin>140.060546875</ymin>
            <xmax>1145.3709106445312</xmax>
            <ymax>702.3142700195312</ymax>
        </bndbox>
    </object>
</annotation>
