<annotation>
    <folder></folder>
    <filename>frame_000247</filename>
    <path></path>
    <source>
        <database>Unknown</database>
    </source>
    <size>
        <width>1920</width>
        <height>1080</height>
        <depth>3</depth>
    </size>
    <segmented>0</segmented>
    <object>
        <name>bramka</name>
        <pose>Unspecified</pose>
        <truncated>0</truncated>
        <difficult>0</difficult>
        <bndbox>
            <xmin>633.3915625000002</xmin>
            <ymin>110.6347851562501</ymin>
            <xmax>1234.655197753905</xmax>
            <ymax>703.7119213867178</ymax>
        </bndbox>
    </object>
</annotation>
