<annotation>
    <folder></folder>
    <filename>frame_000449</filename>
    <path></path>
    <source>
        <database>Unknown</database>
    </source>
    <size>
        <width>1920</width>
        <height>1080</height>
        <depth>3</depth>
    </size>
    <segmented>0</segmented>
    <object>
        <name>bramka</name>
        <pose>Unspecified</pose>
        <truncated>0</truncated>
        <difficult>0</difficult>
        <bndbox>
            <xmin>814.6080078125</xmin>
            <ymin>249.397265625</ymin>
            <xmax>1445.5318847656242</xmax>
            <ymax>853.2425390625001</ymax>
        </bndbox>
    </object>
</annotation>
