<annotation>
    <folder></folder>
    <filename>frame_000473</filename>
    <path></path>
    <source>
        <database>Unknown</database>
    </source>
    <size>
        <width>1920</width>
        <height>1080</height>
        <depth>3</depth>
    </size>
    <segmented>0</segmented>
    <object>
        <name>bramka</name>
        <pose>Unspecified</pose>
        <truncated>0</truncated>
        <difficult>0</difficult>
        <bndbox>
            <xmin>788.9685546875</xmin>
            <ymin>247.7947265625</ymin>
            <xmax>1445.309375</xmax>
            <ymax>858.8830078125004</ymax>
        </bndbox>
    </object>
</annotation>
