<annotation>
    <folder></folder>
    <filename>frame_000125</filename>
    <path></path>
    <source>
        <database>Unknown</database>
    </source>
    <size>
        <width>1920</width>
        <height>1080</height>
        <depth>3</depth>
    </size>
    <segmented>0</segmented>
    <object>
        <name>bramka</name>
        <pose>Unspecified</pose>
        <truncated>0</truncated>
        <difficult>0</difficult>
        <bndbox>
            <xmin>781.3239397321429</xmin>
            <ymin>194.64215959821428</ymin>
            <xmax>1349.9342075892862</xmax>
            <ymax>748.3636544363837</ymax>
        </bndbox>
    </object>
</annotation>
