<annotation>
    <folder></folder>
    <filename>frame_000365</filename>
    <path></path>
    <source>
        <database>Unknown</database>
    </source>
    <size>
        <width>1920</width>
        <height>1080</height>
        <depth>3</depth>
    </size>
    <segmented>0</segmented>
    <object>
        <name>bramka</name>
        <pose>Unspecified</pose>
        <truncated>0</truncated>
        <difficult>0</difficult>
        <bndbox>
            <xmin>864.21357421875</xmin>
            <ymin>266.14345703125</ymin>
            <xmax>1491.53681640625</xmax>
            <ymax>865.18740234375</ymax>
        </bndbox>
    </object>
</annotation>
