<annotation>
    <folder></folder>
    <filename>frame_000021</filename>
    <path></path>
    <source>
        <database>Unknown</database>
    </source>
    <size>
        <width>1920</width>
        <height>1080</height>
        <depth>3</depth>
    </size>
    <segmented>0</segmented>
    <object>
        <name>bramka</name>
        <pose>Unspecified</pose>
        <truncated>0</truncated>
        <difficult>0</difficult>
        <bndbox>
            <xmin>624.490478515625</xmin>
            <ymin>108.07231445312527</ymin>
            <xmax>1174.656072998047</xmax>
            <ymax>675.4985290527338</ymax>
        </bndbox>
    </object>
</annotation>
