<annotation>
    <folder></folder>
    <filename>frame_000099</filename>
    <path></path>
    <source>
        <database>Unknown</database>
    </source>
    <size>
        <width>1920</width>
        <height>1080</height>
        <depth>3</depth>
    </size>
    <segmented>0</segmented>
    <object>
        <name>bramka</name>
        <pose>Unspecified</pose>
        <truncated>0</truncated>
        <difficult>0</difficult>
        <bndbox>
            <xmin>748.7000000000007</xmin>
            <ymin>174.45000000000073</ymin>
            <xmax>1313.1498107910156</xmax>
            <ymax>726.7999267578125</ymax>
        </bndbox>
    </object>
</annotation>
