<annotation>
    <folder></folder>
    <filename>frame_000122</filename>
    <path></path>
    <source>
        <database>Unknown</database>
    </source>
    <size>
        <width>1920</width>
        <height>1080</height>
        <depth>3</depth>
    </size>
    <segmented>0</segmented>
    <object>
        <name>bramka</name>
        <pose>Unspecified</pose>
        <truncated>0</truncated>
        <difficult>0</difficult>
        <bndbox>
            <xmin>781.2670200892857</xmin>
            <ymin>183.78431919642858</ymin>
            <xmax>1344.9066964285719</xmax>
            <ymax>737.0456072126113</ymax>
        </bndbox>
    </object>
</annotation>
