<annotation>
    <folder></folder>
    <filename>frame_000363</filename>
    <path></path>
    <source>
        <database>Unknown</database>
    </source>
    <size>
        <width>1920</width>
        <height>1080</height>
        <depth>3</depth>
    </size>
    <segmented>0</segmented>
    <object>
        <name>bramka</name>
        <pose>Unspecified</pose>
        <truncated>0</truncated>
        <difficult>0</difficult>
        <bndbox>
            <xmin>862.81103515625</xmin>
            <ymin>263.53857421875</ymin>
            <xmax>1490.13427734375</xmax>
            <ymax>862.58251953125</ymax>
        </bndbox>
    </object>
</annotation>
