<annotation>
    <folder></folder>
    <filename>frame_000136</filename>
    <path></path>
    <source>
        <database>Unknown</database>
    </source>
    <size>
        <width>1920</width>
        <height>1080</height>
        <depth>3</depth>
    </size>
    <segmented>0</segmented>
    <object>
        <name>bramka</name>
        <pose>Unspecified</pose>
        <truncated>0</truncated>
        <difficult>0</difficult>
        <bndbox>
            <xmin>787.03203125</xmin>
            <ymin>232.1720703125</ymin>
            <xmax>1360.3246093750015</xmax>
            <ymax>786.6078369140621</ymax>
        </bndbox>
    </object>
</annotation>
