<annotation>
    <folder></folder>
    <filename>frame_000029</filename>
    <path></path>
    <source>
        <database>Unknown</database>
    </source>
    <size>
        <width>1920</width>
        <height>1080</height>
        <depth>3</depth>
    </size>
    <segmented>0</segmented>
    <object>
        <name>bramka</name>
        <pose>Unspecified</pose>
        <truncated>0</truncated>
        <difficult>0</difficult>
        <bndbox>
            <xmin>637.998046875</xmin>
            <ymin>105.4052734375</ymin>
            <xmax>1181.6077734375012</xmax>
            <ymax>664.616416015624</ymax>
        </bndbox>
    </object>
</annotation>
