<annotation>
    <folder></folder>
    <filename>frame_000260</filename>
    <path></path>
    <source>
        <database>Unknown</database>
    </source>
    <size>
        <width>1920</width>
        <height>1080</height>
        <depth>3</depth>
    </size>
    <segmented>0</segmented>
    <object>
        <name>bramka</name>
        <pose>Unspecified</pose>
        <truncated>0</truncated>
        <difficult>0</difficult>
        <bndbox>
            <xmin>643.7078125</xmin>
            <ymin>107.7076171875</ymin>
            <xmax>1253.9913452148423</xmax>
            <ymax>703.8123046874992</ymax>
        </bndbox>
    </object>
</annotation>
