<annotation>
    <folder></folder>
    <filename>frame_000413</filename>
    <path></path>
    <source>
        <database>Unknown</database>
    </source>
    <size>
        <width>1920</width>
        <height>1080</height>
        <depth>3</depth>
    </size>
    <segmented>0</segmented>
    <object>
        <name>bramka</name>
        <pose>Unspecified</pose>
        <truncated>0</truncated>
        <difficult>0</difficult>
        <bndbox>
            <xmin>814.2057031250006</xmin>
            <ymin>242.9853515625</ymin>
            <xmax>1444.7296679687502</xmax>
            <ymax>842.2109375</ymax>
        </bndbox>
    </object>
</annotation>
