<annotation>
    <folder></folder>
    <filename>frame_000321</filename>
    <path></path>
    <source>
        <database>Unknown</database>
    </source>
    <size>
        <width>1920</width>
        <height>1080</height>
        <depth>3</depth>
    </size>
    <segmented>0</segmented>
    <object>
        <name>bramka</name>
        <pose>Unspecified</pose>
        <truncated>0</truncated>
        <difficult>0</difficult>
        <bndbox>
            <xmin>705.5205078125</xmin>
            <ymin>161.048828125</ymin>
            <xmax>1321.832226562501</xmax>
            <ymax>741.0</ymax>
        </bndbox>
    </object>
</annotation>
