<annotation>
    <folder></folder>
    <filename>frame_000038</filename>
    <path></path>
    <source>
        <database>Unknown</database>
    </source>
    <size>
        <width>1920</width>
        <height>1080</height>
        <depth>3</depth>
    </size>
    <segmented>0</segmented>
    <object>
        <name>bramka</name>
        <pose>Unspecified</pose>
        <truncated>0</truncated>
        <difficult>0</difficult>
        <bndbox>
            <xmin>639.8186848958334</xmin>
            <ymin>96.10177951388889</ymin>
            <xmax>1196.530278862848</xmax>
            <ymax>664.971099175347</ymax>
        </bndbox>
    </object>
</annotation>
