<annotation>
    <folder></folder>
    <filename>frame_000493</filename>
    <path></path>
    <source>
        <database>Unknown</database>
    </source>
    <size>
        <width>1920</width>
        <height>1080</height>
        <depth>3</depth>
    </size>
    <segmented>0</segmented>
    <object>
        <name>bramka</name>
        <pose>Unspecified</pose>
        <truncated>0</truncated>
        <difficult>0</difficult>
        <bndbox>
            <xmin>805.9307883522732</xmin>
            <ymin>214.8849431818182</ymin>
            <xmax>1492.6908913352274</xmax>
            <ymax>840.8409201882102</ymax>
        </bndbox>
    </object>
</annotation>
