<annotation>
    <folder></folder>
    <filename>frame_000361</filename>
    <path></path>
    <source>
        <database>Unknown</database>
    </source>
    <size>
        <width>1920</width>
        <height>1080</height>
        <depth>3</depth>
    </size>
    <segmented>0</segmented>
    <object>
        <name>bramka</name>
        <pose>Unspecified</pose>
        <truncated>0</truncated>
        <difficult>0</difficult>
        <bndbox>
            <xmin>861.40849609375</xmin>
            <ymin>260.93369140625</ymin>
            <xmax>1488.73173828125</xmax>
            <ymax>859.97763671875</ymax>
        </bndbox>
    </object>
</annotation>
