<annotation>
    <folder></folder>
    <filename>frame_000269</filename>
    <path></path>
    <source>
        <database>Unknown</database>
    </source>
    <size>
        <width>1920</width>
        <height>1080</height>
        <depth>3</depth>
    </size>
    <segmented>0</segmented>
    <object>
        <name>bramka</name>
        <pose>Unspecified</pose>
        <truncated>0</truncated>
        <difficult>0</difficult>
        <bndbox>
            <xmin>638.99853515625</xmin>
            <ymin>118.92802734375</ymin>
            <xmax>1249.2820678710923</xmax>
            <ymax>715.0327148437493</ymax>
        </bndbox>
    </object>
</annotation>
