<annotation>
    <folder></folder>
    <filename>frame_000222</filename>
    <path></path>
    <source>
        <database>Unknown</database>
    </source>
    <size>
        <width>1920</width>
        <height>1080</height>
        <depth>3</depth>
    </size>
    <segmented>0</segmented>
    <object>
        <name>bramka</name>
        <pose>Unspecified</pose>
        <truncated>0</truncated>
        <difficult>0</difficult>
        <bndbox>
            <xmin>665.9890625</xmin>
            <ymin>255.9890625</ymin>
            <xmax>1260.2025024414063</xmax>
            <ymax>842.0683471679688</ymax>
        </bndbox>
    </object>
</annotation>
