<annotation>
    <folder></folder>
    <filename>frame_000201</filename>
    <path></path>
    <source>
        <database>Unknown</database>
    </source>
    <size>
        <width>1920</width>
        <height>1080</height>
        <depth>3</depth>
    </size>
    <segmented>0</segmented>
    <object>
        <name>bramka</name>
        <pose>Unspecified</pose>
        <truncated>0</truncated>
        <difficult>0</difficult>
        <bndbox>
            <xmin>714.05068359375</xmin>
            <ymin>274.78359375</ymin>
            <xmax>1310.2944091796867</xmax>
            <ymax>866.9146484375011</ymax>
        </bndbox>
    </object>
</annotation>
