<annotation>
    <folder></folder>
    <filename>frame_000277</filename>
    <path></path>
    <source>
        <database>Unknown</database>
    </source>
    <size>
        <width>1920</width>
        <height>1080</height>
        <depth>3</depth>
    </size>
    <segmented>0</segmented>
    <object>
        <name>bramka</name>
        <pose>Unspecified</pose>
        <truncated>0</truncated>
        <difficult>0</difficult>
        <bndbox>
            <xmin>639.79931640625</xmin>
            <ymin>112.51630859375</ymin>
            <xmax>1250.0828491210923</xmax>
            <ymax>708.6209960937492</ymax>
        </bndbox>
    </object>
</annotation>
