<annotation>
    <folder></folder>
    <filename>frame_000107</filename>
    <path></path>
    <source>
        <database>Unknown</database>
    </source>
    <size>
        <width>1920</width>
        <height>1080</height>
        <depth>3</depth>
    </size>
    <segmented>0</segmented>
    <object>
        <name>bramka</name>
        <pose>Unspecified</pose>
        <truncated>0</truncated>
        <difficult>0</difficult>
        <bndbox>
            <xmin>762.3805664062502</xmin>
            <ymin>177.95000000000005</ymin>
            <xmax>1327.9875030517578</xmax>
            <ymax>729.1486663818359</ymax>
        </bndbox>
    </object>
</annotation>
