<annotation>
    <folder></folder>
    <filename>frame_000418</filename>
    <path></path>
    <source>
        <database>Unknown</database>
    </source>
    <size>
        <width>1920</width>
        <height>1080</height>
        <depth>3</depth>
    </size>
    <segmented>0</segmented>
    <object>
        <name>bramka</name>
        <pose>Unspecified</pose>
        <truncated>0</truncated>
        <difficult>0</difficult>
        <bndbox>
            <xmin>811.6974218750005</xmin>
            <ymin>243.1857421875</ymin>
            <xmax>1439.0192724609374</xmax>
            <ymax>842.20234375</ymax>
        </bndbox>
    </object>
</annotation>
