<annotation>
    <folder></folder>
    <filename>frame_000190</filename>
    <path></path>
    <source>
        <database>Unknown</database>
    </source>
    <size>
        <width>1920</width>
        <height>1080</height>
        <depth>3</depth>
    </size>
    <segmented>0</segmented>
    <object>
        <name>bramka</name>
        <pose>Unspecified</pose>
        <truncated>0</truncated>
        <difficult>0</difficult>
        <bndbox>
            <xmin>741.0384765625</xmin>
            <ymin>287.6595703125</ymin>
            <xmax>1324.116293945311</xmax>
            <ymax>877.9896875000002</ymax>
        </bndbox>
    </object>
</annotation>
