<annotation>
    <folder></folder>
    <filename>frame_000343</filename>
    <path></path>
    <source>
        <database>Unknown</database>
    </source>
    <size>
        <width>1920</width>
        <height>1080</height>
        <depth>3</depth>
    </size>
    <segmented>0</segmented>
    <object>
        <name>bramka</name>
        <pose>Unspecified</pose>
        <truncated>0</truncated>
        <difficult>0</difficult>
        <bndbox>
            <xmin>815.22314453125</xmin>
            <ymin>235.0058593750009</ymin>
            <xmax>1446.2847900390625</xmax>
            <ymax>834.0299072265625</ymax>
        </bndbox>
    </object>
</annotation>
