<annotation>
    <folder></folder>
    <filename>frame_000014</filename>
    <path></path>
    <source>
        <database>Unknown</database>
    </source>
    <size>
        <width>1920</width>
        <height>1080</height>
        <depth>3</depth>
    </size>
    <segmented>0</segmented>
    <object>
        <name>bramka</name>
        <pose>Unspecified</pose>
        <truncated>0</truncated>
        <difficult>0</difficult>
        <bndbox>
            <xmin>616.58935546875</xmin>
            <ymin>122.98828125</ymin>
            <xmax>1159.279406738282</xmax>
            <ymax>681.740533447266</ymax>
        </bndbox>
    </object>
</annotation>
