<annotation>
    <folder></folder>
    <filename>frame_000294</filename>
    <path></path>
    <source>
        <database>Unknown</database>
    </source>
    <size>
        <width>1920</width>
        <height>1080</height>
        <depth>3</depth>
    </size>
    <segmented>0</segmented>
    <object>
        <name>bramka</name>
        <pose>Unspecified</pose>
        <truncated>0</truncated>
        <difficult>0</difficult>
        <bndbox>
            <xmin>643.105078125</xmin>
            <ymin>115.923046875</ymin>
            <xmax>1253.3886108398424</xmax>
            <ymax>712.0277343749992</ymax>
        </bndbox>
    </object>
</annotation>
