<annotation>
    <folder></folder>
    <filename>frame_000328</filename>
    <path></path>
    <source>
        <database>Unknown</database>
    </source>
    <size>
        <width>1920</width>
        <height>1080</height>
        <depth>3</depth>
    </size>
    <segmented>0</segmented>
    <object>
        <name>bramka</name>
        <pose>Unspecified</pose>
        <truncated>0</truncated>
        <difficult>0</difficult>
        <bndbox>
            <xmin>744.091796875</xmin>
            <ymin>177.8798828125</ymin>
            <xmax>1360.403515625001</xmax>
            <ymax>773.9423706054677</ymax>
        </bndbox>
    </object>
</annotation>
