<annotation>
    <folder></folder>
    <filename>frame_000066</filename>
    <path></path>
    <source>
        <database>Unknown</database>
    </source>
    <size>
        <width>1920</width>
        <height>1080</height>
        <depth>3</depth>
    </size>
    <segmented>0</segmented>
    <object>
        <name>bramka</name>
        <pose>Unspecified</pose>
        <truncated>0</truncated>
        <difficult>0</difficult>
        <bndbox>
            <xmin>710.828125</xmin>
            <ymin>109.36244419642857</ymin>
            <xmax>1268.741406250001</xmax>
            <ymax>673.181413922991</ymax>
        </bndbox>
    </object>
</annotation>
