<annotation>
    <folder></folder>
    <filename>frame_000044</filename>
    <path></path>
    <source>
        <database>Unknown</database>
    </source>
    <size>
        <width>1920</width>
        <height>1080</height>
        <depth>3</depth>
    </size>
    <segmented>0</segmented>
    <object>
        <name>bramka</name>
        <pose>Unspecified</pose>
        <truncated>0</truncated>
        <difficult>0</difficult>
        <bndbox>
            <xmin>649.3597005208334</xmin>
            <ymin>92.62434895833333</ymin>
            <xmax>1208.9576334635422</xmax>
            <ymax>662.4864583333328</ymax>
        </bndbox>
    </object>
</annotation>
