<annotation>
    <folder></folder>
    <filename>frame_000070</filename>
    <path></path>
    <source>
        <database>Unknown</database>
    </source>
    <size>
        <width>1920</width>
        <height>1080</height>
        <depth>3</depth>
    </size>
    <segmented>0</segmented>
    <object>
        <name>bramka</name>
        <pose>Unspecified</pose>
        <truncated>0</truncated>
        <difficult>0</difficult>
        <bndbox>
            <xmin>727.134765625</xmin>
            <ymin>113.26953125</ymin>
            <xmax>1285.048046875001</xmax>
            <ymax>677.0885009765625</ymax>
        </bndbox>
    </object>
</annotation>
