<annotation>
    <folder></folder>
    <filename>frame_000170</filename>
    <path></path>
    <source>
        <database>Unknown</database>
    </source>
    <size>
        <width>1920</width>
        <height>1080</height>
        <depth>3</depth>
    </size>
    <segmented>0</segmented>
    <object>
        <name>bramka</name>
        <pose>Unspecified</pose>
        <truncated>0</truncated>
        <difficult>0</difficult>
        <bndbox>
            <xmin>758.631640625</xmin>
            <ymin>259.35234375</ymin>
            <xmax>1335.4106469726553</xmax>
            <ymax>843.2762890625003</ymax>
        </bndbox>
    </object>
</annotation>
