<annotation>
    <folder></folder>
    <filename>frame_000071</filename>
    <path></path>
    <source>
        <database>Unknown</database>
    </source>
    <size>
        <width>1920</width>
        <height>1080</height>
        <depth>3</depth>
    </size>
    <segmented>0</segmented>
    <object>
        <name>bramka</name>
        <pose>Unspecified</pose>
        <truncated>0</truncated>
        <difficult>0</difficult>
        <bndbox>
            <xmin>728.52568359375</xmin>
            <ymin>115.40947265625</ymin>
            <xmax>1286.4389648437511</xmax>
            <ymax>679.2284423828125</ymax>
        </bndbox>
    </object>
</annotation>
