<annotation>
    <folder></folder>
    <filename>frame_000427</filename>
    <path></path>
    <source>
        <database>Unknown</database>
    </source>
    <size>
        <width>1920</width>
        <height>1080</height>
        <depth>3</depth>
    </size>
    <segmented>0</segmented>
    <object>
        <name>bramka</name>
        <pose>Unspecified</pose>
        <truncated>0</truncated>
        <difficult>0</difficult>
        <bndbox>
            <xmin>809.19326171875</xmin>
            <ymin>246.29169921875</ymin>
            <xmax>1436.5151123046867</xmax>
            <ymax>845.30830078125</ymax>
        </bndbox>
    </object>
</annotation>
