<annotation>
    <folder></folder>
    <filename>frame_000019</filename>
    <path></path>
    <source>
        <database>Unknown</database>
    </source>
    <size>
        <width>1920</width>
        <height>1080</height>
        <depth>3</depth>
    </size>
    <segmented>0</segmented>
    <object>
        <name>bramka</name>
        <pose>Unspecified</pose>
        <truncated>0</truncated>
        <difficult>0</difficult>
        <bndbox>
            <xmin>625.0927734375</xmin>
            <ymin>111.625</ymin>
            <xmax>1164.345703125</xmax>
            <ymax>672.177380371093</ymax>
        </bndbox>
    </object>
</annotation>
