<annotation>
    <folder></folder>
    <filename>frame_000178</filename>
    <path></path>
    <source>
        <database>Unknown</database>
    </source>
    <size>
        <width>1920</width>
        <height>1080</height>
        <depth>3</depth>
    </size>
    <segmented>0</segmented>
    <object>
        <name>bramka</name>
        <pose>Unspecified</pose>
        <truncated>0</truncated>
        <difficult>0</difficult>
        <bndbox>
            <xmin>743.662109375</xmin>
            <ymin>271.31640625</ymin>
            <xmax>1323.4484497070298</xmax>
            <ymax>861.1962890625</ymax>
        </bndbox>
    </object>
</annotation>
