<annotation>
    <folder></folder>
    <filename>frame_000023</filename>
    <path></path>
    <source>
        <database>Unknown</database>
    </source>
    <size>
        <width>1920</width>
        <height>1080</height>
        <depth>3</depth>
    </size>
    <segmented>0</segmented>
    <object>
        <name>bramka</name>
        <pose>Unspecified</pose>
        <truncated>0</truncated>
        <difficult>0</difficult>
        <bndbox>
            <xmin>628.504638671875</xmin>
            <ymin>105.89077148437582</ymin>
            <xmax>1177.4853576660166</xmax>
            <ymax>671.8080627441404</ymax>
        </bndbox>
    </object>
</annotation>
