<annotation>
    <folder></folder>
    <filename>frame_000337</filename>
    <path></path>
    <source>
        <database>Unknown</database>
    </source>
    <size>
        <width>1920</width>
        <height>1080</height>
        <depth>3</depth>
    </size>
    <segmented>0</segmented>
    <object>
        <name>bramka</name>
        <pose>Unspecified</pose>
        <truncated>0</truncated>
        <difficult>0</difficult>
        <bndbox>
            <xmin>785.56826171875</xmin>
            <ymin>214.8484375</ymin>
            <xmax>1411.7903515625</xmax>
            <ymax>813.5942370605468</ymax>
        </bndbox>
    </object>
</annotation>
