<annotation>
    <folder></folder>
    <filename>frame_000215</filename>
    <path></path>
    <source>
        <database>Unknown</database>
    </source>
    <size>
        <width>1920</width>
        <height>1080</height>
        <depth>3</depth>
    </size>
    <segmented>0</segmented>
    <object>
        <name>bramka</name>
        <pose>Unspecified</pose>
        <truncated>0</truncated>
        <difficult>0</difficult>
        <bndbox>
            <xmin>678.303515625</xmin>
            <ymin>260.78564453125</ymin>
            <xmax>1273.1260412597653</xmax>
            <ymax>848.6804602050785</ymax>
        </bndbox>
    </object>
</annotation>
