<annotation>
    <folder></folder>
    <filename>frame_000115</filename>
    <path></path>
    <source>
        <database>Unknown</database>
    </source>
    <size>
        <width>1920</width>
        <height>1080</height>
        <depth>3</depth>
    </size>
    <segmented>0</segmented>
    <object>
        <name>bramka</name>
        <pose>Unspecified</pose>
        <truncated>0</truncated>
        <difficult>0</difficult>
        <bndbox>
            <xmin>773.176025390625</xmin>
            <ymin>171.22243652343764</ymin>
            <xmax>1343.197070312501</xmax>
            <ymax>728.2520217895506</ymax>
        </bndbox>
    </object>
</annotation>
