<annotation>
    <folder></folder>
    <filename>frame_000027</filename>
    <path></path>
    <source>
        <database>Unknown</database>
    </source>
    <size>
        <width>1920</width>
        <height>1080</height>
        <depth>3</depth>
    </size>
    <segmented>0</segmented>
    <object>
        <name>bramka</name>
        <pose>Unspecified</pose>
        <truncated>0</truncated>
        <difficult>0</difficult>
        <bndbox>
            <xmin>631.220703125</xmin>
            <ymin>106.1943359375</ymin>
            <xmax>1179.3162890625008</xmax>
            <ymax>669.0586230468743</ymax>
        </bndbox>
    </object>
</annotation>
