<annotation>
    <folder></folder>
    <filename>frame_000223</filename>
    <path></path>
    <source>
        <database>Unknown</database>
    </source>
    <size>
        <width>1920</width>
        <height>1080</height>
        <depth>3</depth>
    </size>
    <segmented>0</segmented>
    <object>
        <name>bramka</name>
        <pose>Unspecified</pose>
        <truncated>0</truncated>
        <difficult>0</difficult>
        <bndbox>
            <xmin>664.486328125</xmin>
            <ymin>254.486328125</ymin>
            <xmax>1258.6997680664062</xmax>
            <ymax>840.5656127929688</ymax>
        </bndbox>
    </object>
</annotation>
