<annotation>
    <folder></folder>
    <filename>frame_000214</filename>
    <path></path>
    <source>
        <database>Unknown</database>
    </source>
    <size>
        <width>1920</width>
        <height>1080</height>
        <depth>3</depth>
    </size>
    <segmented>0</segmented>
    <object>
        <name>bramka</name>
        <pose>Unspecified</pose>
        <truncated>0</truncated>
        <difficult>0</difficult>
        <bndbox>
            <xmin>680.4046875</xmin>
            <ymin>260.380859375</ymin>
            <xmax>1275.4302416992184</xmax>
            <ymax>848.8808520507816</ymax>
        </bndbox>
    </object>
</annotation>
