<annotation>
    <folder></folder>
    <filename>frame_000368</filename>
    <path></path>
    <source>
        <database>Unknown</database>
    </source>
    <size>
        <width>1920</width>
        <height>1080</height>
        <depth>3</depth>
    </size>
    <segmented>0</segmented>
    <object>
        <name>bramka</name>
        <pose>Unspecified</pose>
        <truncated>0</truncated>
        <difficult>0</difficult>
        <bndbox>
            <xmin>866.3173828125</xmin>
            <ymin>270.05078125</ymin>
            <xmax>1493.640625</xmax>
            <ymax>869.0947265625</ymax>
        </bndbox>
    </object>
</annotation>
