<annotation>
    <folder></folder>
    <filename>frame_000309</filename>
    <path></path>
    <source>
        <database>Unknown</database>
    </source>
    <size>
        <width>1920</width>
        <height>1080</height>
        <depth>3</depth>
    </size>
    <segmented>0</segmented>
    <object>
        <name>bramka</name>
        <pose>Unspecified</pose>
        <truncated>0</truncated>
        <difficult>0</difficult>
        <bndbox>
            <xmin>662.139892578125</xmin>
            <ymin>125.444580078125</ymin>
            <xmax>1273.0262438964833</xmax>
            <ymax>721.5450476074211</ymax>
        </bndbox>
    </object>
</annotation>
