<annotation>
    <folder></folder>
    <filename>frame_000061</filename>
    <path></path>
    <source>
        <database>Unknown</database>
    </source>
    <size>
        <width>1920</width>
        <height>1080</height>
        <depth>3</depth>
    </size>
    <segmented>0</segmented>
    <object>
        <name>bramka</name>
        <pose>Unspecified</pose>
        <truncated>0</truncated>
        <difficult>0</difficult>
        <bndbox>
            <xmin>702.126953125</xmin>
            <ymin>102.81040736607143</ymin>
            <xmax>1260.040234375001</xmax>
            <ymax>666.629377092634</ymax>
        </bndbox>
    </object>
</annotation>
