<annotation>
    <folder></folder>
    <filename>frame_000067</filename>
    <path></path>
    <source>
        <database>Unknown</database>
    </source>
    <size>
        <width>1920</width>
        <height>1080</height>
        <depth>3</depth>
    </size>
    <segmented>0</segmented>
    <object>
        <name>bramka</name>
        <pose>Unspecified</pose>
        <truncated>0</truncated>
        <difficult>0</difficult>
        <bndbox>
            <xmin>712.568359375</xmin>
            <ymin>110.6728515625</ymin>
            <xmax>1270.481640625001</xmax>
            <ymax>674.4918212890625</ymax>
        </bndbox>
    </object>
</annotation>
