<annotation>
    <folder></folder>
    <filename>frame_000438</filename>
    <path></path>
    <source>
        <database>Unknown</database>
    </source>
    <size>
        <width>1920</width>
        <height>1080</height>
        <depth>3</depth>
    </size>
    <segmented>0</segmented>
    <object>
        <name>bramka</name>
        <pose>Unspecified</pose>
        <truncated>0</truncated>
        <difficult>0</difficult>
        <bndbox>
            <xmin>814.703466796875</xmin>
            <ymin>247.944384765625</ymin>
            <xmax>1442.0253173828119</xmax>
            <ymax>846.960986328125</ymax>
        </bndbox>
    </object>
</annotation>
