<annotation>
    <folder></folder>
    <filename>frame_000009</filename>
    <path></path>
    <source>
        <database>Unknown</database>
    </source>
    <size>
        <width>1920</width>
        <height>1080</height>
        <depth>3</depth>
    </size>
    <segmented>0</segmented>
    <object>
        <name>bramka</name>
        <pose>Unspecified</pose>
        <truncated>0</truncated>
        <difficult>0</difficult>
        <bndbox>
            <xmin>609.62353515625</xmin>
            <ymin>129.93994140625</ymin>
            <xmax>1152.5970910644544</xmax>
            <ymax>687.8114270019538</ymax>
        </bndbox>
    </object>
</annotation>
