<annotation>
    <folder></folder>
    <filename>frame_000128</filename>
    <path></path>
    <source>
        <database>Unknown</database>
    </source>
    <size>
        <width>1920</width>
        <height>1080</height>
        <depth>3</depth>
    </size>
    <segmented>0</segmented>
    <object>
        <name>bramka</name>
        <pose>Unspecified</pose>
        <truncated>0</truncated>
        <difficult>0</difficult>
        <bndbox>
            <xmin>781.380859375</xmin>
            <ymin>205.5</ymin>
            <xmax>1354.9617187500007</xmax>
            <ymax>759.6817016601562</ymax>
        </bndbox>
    </object>
</annotation>
