<annotation>
    <folder></folder>
    <filename>frame_000168</filename>
    <path></path>
    <source>
        <database>Unknown</database>
    </source>
    <size>
        <width>1920</width>
        <height>1080</height>
        <depth>3</depth>
    </size>
    <segmented>0</segmented>
    <object>
        <name>bramka</name>
        <pose>Unspecified</pose>
        <truncated>0</truncated>
        <difficult>0</difficult>
        <bndbox>
            <xmin>762.3740234375</xmin>
            <ymin>256.361328125</ymin>
            <xmax>1338.4011962890618</xmax>
            <ymax>838.7962890625004</ymax>
        </bndbox>
    </object>
</annotation>
