<annotation>
    <folder></folder>
    <filename>frame_000259</filename>
    <path></path>
    <source>
        <database>Unknown</database>
    </source>
    <size>
        <width>1920</width>
        <height>1080</height>
        <depth>3</depth>
    </size>
    <segmented>0</segmented>
    <object>
        <name>bramka</name>
        <pose>Unspecified</pose>
        <truncated>0</truncated>
        <difficult>0</difficult>
        <bndbox>
            <xmin>644.308984375</xmin>
            <ymin>106.2048828125</ymin>
            <xmax>1254.5925170898422</xmax>
            <ymax>702.3095703124993</ymax>
        </bndbox>
    </object>
</annotation>
