<annotation>
    <folder></folder>
    <filename>frame_000147</filename>
    <path></path>
    <source>
        <database>Unknown</database>
    </source>
    <size>
        <width>1920</width>
        <height>1080</height>
        <depth>3</depth>
    </size>
    <segmented>0</segmented>
    <object>
        <name>bramka</name>
        <pose>Unspecified</pose>
        <truncated>0</truncated>
        <difficult>0</difficult>
        <bndbox>
            <xmin>783.4837890625013</xmin>
            <ymin>246.728271484375</ymin>
            <xmax>1351.8668182373049</xmax>
            <ymax>814.291067504884</ymax>
        </bndbox>
    </object>
</annotation>
