<annotation>
    <folder></folder>
    <filename>frame_000297</filename>
    <path></path>
    <source>
        <database>Unknown</database>
    </source>
    <size>
        <width>1920</width>
        <height>1080</height>
        <depth>3</depth>
    </size>
    <segmented>0</segmented>
    <object>
        <name>bramka</name>
        <pose>Unspecified</pose>
        <truncated>0</truncated>
        <difficult>0</difficult>
        <bndbox>
            <xmin>648.21474609375</xmin>
            <ymin>116.52421875</ymin>
            <xmax>1258.4982788085922</xmax>
            <ymax>712.6289062499993</ymax>
        </bndbox>
    </object>
</annotation>
