<annotation>
    <folder></folder>
    <filename>frame_000474</filename>
    <path></path>
    <source>
        <database>Unknown</database>
    </source>
    <size>
        <width>1920</width>
        <height>1080</height>
        <depth>3</depth>
    </size>
    <segmented>0</segmented>
    <object>
        <name>bramka</name>
        <pose>Unspecified</pose>
        <truncated>0</truncated>
        <difficult>0</difficult>
        <bndbox>
            <xmin>789.5697265625</xmin>
            <ymin>248.3958984375</ymin>
            <xmax>1445.910546875</xmax>
            <ymax>859.4841796875004</ymax>
        </bndbox>
    </object>
</annotation>
