<annotation>
    <folder></folder>
    <filename>frame_000211</filename>
    <path></path>
    <source>
        <database>Unknown</database>
    </source>
    <size>
        <width>1920</width>
        <height>1080</height>
        <depth>3</depth>
    </size>
    <segmented>0</segmented>
    <object>
        <name>bramka</name>
        <pose>Unspecified</pose>
        <truncated>0</truncated>
        <difficult>0</difficult>
        <bndbox>
            <xmin>686.708203125</xmin>
            <ymin>259.16650390625</ymin>
            <xmax>1282.3428430175777</xmax>
            <ymax>849.4820275878914</ymax>
        </bndbox>
    </object>
</annotation>
