<annotation>
    <folder></folder>
    <filename>frame_000034</filename>
    <path></path>
    <source>
        <database>Unknown</database>
    </source>
    <size>
        <width>1920</width>
        <height>1080</height>
        <depth>3</depth>
    </size>
    <segmented>0</segmented>
    <object>
        <name>bramka</name>
        <pose>Unspecified</pose>
        <truncated>0</truncated>
        <difficult>0</difficult>
        <bndbox>
            <xmin>637.5595703125</xmin>
            <ymin>98.14518229166667</ymin>
            <xmax>1189.7068522135414</xmax>
            <ymax>667.4875162760412</ymax>
        </bndbox>
    </object>
</annotation>
