<annotation>
    <folder></folder>
    <filename>frame_000272</filename>
    <path></path>
    <source>
        <database>Unknown</database>
    </source>
    <size>
        <width>1920</width>
        <height>1080</height>
        <depth>3</depth>
    </size>
    <segmented>0</segmented>
    <object>
        <name>bramka</name>
        <pose>Unspecified</pose>
        <truncated>0</truncated>
        <difficult>0</difficult>
        <bndbox>
            <xmin>639.298828125</xmin>
            <ymin>116.5236328125</ymin>
            <xmax>1249.5823608398423</xmax>
            <ymax>712.6283203124992</ymax>
        </bndbox>
    </object>
</annotation>
