<annotation>
    <folder></folder>
    <filename>frame_000191</filename>
    <path></path>
    <source>
        <database>Unknown</database>
    </source>
    <size>
        <width>1920</width>
        <height>1080</height>
        <depth>3</depth>
    </size>
    <segmented>0</segmented>
    <object>
        <name>bramka</name>
        <pose>Unspecified</pose>
        <truncated>0</truncated>
        <difficult>0</difficult>
        <bndbox>
            <xmin>738.79208984375</xmin>
            <ymin>286.9517578125</ymin>
            <xmax>1323.515645751952</xmax>
            <ymax>877.5069921875004</ymax>
        </bndbox>
    </object>
</annotation>
