<annotation>
    <folder></folder>
    <filename>frame_000158</filename>
    <path></path>
    <source>
        <database>Unknown</database>
    </source>
    <size>
        <width>1920</width>
        <height>1080</height>
        <depth>3</depth>
    </size>
    <segmented>0</segmented>
    <object>
        <name>bramka</name>
        <pose>Unspecified</pose>
        <truncated>0</truncated>
        <difficult>0</difficult>
        <bndbox>
            <xmin>773.5546875</xmin>
            <ymin>247.90000000000146</ymin>
            <xmax>1344.0</xmax>
            <ymax>820.1383056640625</ymax>
        </bndbox>
    </object>
</annotation>
