<annotation>
    <folder></folder>
    <filename>frame_000434</filename>
    <path></path>
    <source>
        <database>Unknown</database>
    </source>
    <size>
        <width>1920</width>
        <height>1080</height>
        <depth>3</depth>
    </size>
    <segmented>0</segmented>
    <object>
        <name>bramka</name>
        <pose>Unspecified</pose>
        <truncated>0</truncated>
        <difficult>0</difficult>
        <bndbox>
            <xmin>812.699755859375</xmin>
            <ymin>247.343408203125</ymin>
            <xmax>1440.0216064453118</xmax>
            <ymax>846.360009765625</ymax>
        </bndbox>
    </object>
</annotation>
