<annotation>
    <folder></folder>
    <filename>frame_000240</filename>
    <path></path>
    <source>
        <database>Unknown</database>
    </source>
    <size>
        <width>1920</width>
        <height>1080</height>
        <depth>3</depth>
    </size>
    <segmented>0</segmented>
    <object>
        <name>bramka</name>
        <pose>Unspecified</pose>
        <truncated>0</truncated>
        <difficult>0</difficult>
        <bndbox>
            <xmin>636.8981250000012</xmin>
            <ymin>137.98550781250088</ymin>
            <xmax>1238.1617602539059</xmax>
            <ymax>731.0626440429685</ymax>
        </bndbox>
    </object>
</annotation>
