<annotation>
    <folder></folder>
    <filename>frame_000271</filename>
    <path></path>
    <source>
        <database>Unknown</database>
    </source>
    <size>
        <width>1920</width>
        <height>1080</height>
        <depth>3</depth>
    </size>
    <segmented>0</segmented>
    <object>
        <name>bramka</name>
        <pose>Unspecified</pose>
        <truncated>0</truncated>
        <difficult>0</difficult>
        <bndbox>
            <xmin>639.19873046875</xmin>
            <ymin>117.32509765625</ymin>
            <xmax>1249.4822631835923</xmax>
            <ymax>713.4297851562493</ymax>
        </bndbox>
    </object>
</annotation>
