<annotation>
    <folder></folder>
    <filename>frame_000393</filename>
    <path></path>
    <source>
        <database>Unknown</database>
    </source>
    <size>
        <width>1920</width>
        <height>1080</height>
        <depth>3</depth>
    </size>
    <segmented>0</segmented>
    <object>
        <name>bramka</name>
        <pose>Unspecified</pose>
        <truncated>0</truncated>
        <difficult>0</difficult>
        <bndbox>
            <xmin>841.8724609375</xmin>
            <ymin>251.6</ymin>
            <xmax>1484.2000000000003</xmax>
            <ymax>850.8611328125</ymax>
        </bndbox>
    </object>
</annotation>
