<annotation>
    <folder></folder>
    <filename>frame_000117</filename>
    <path></path>
    <source>
        <database>Unknown</database>
    </source>
    <size>
        <width>1920</width>
        <height>1080</height>
        <depth>3</depth>
    </size>
    <segmented>0</segmented>
    <object>
        <name>bramka</name>
        <pose>Unspecified</pose>
        <truncated>0</truncated>
        <difficult>0</difficult>
        <bndbox>
            <xmin>775.612060546875</xmin>
            <ymin>170.27141113281255</ymin>
            <xmax>1343.395898437501</xmax>
            <ymax>727.7651840209958</ymax>
        </bndbox>
    </object>
</annotation>
