<annotation>
    <folder></folder>
    <filename>frame_000205</filename>
    <path></path>
    <source>
        <database>Unknown</database>
    </source>
    <size>
        <width>1920</width>
        <height>1080</height>
        <depth>3</depth>
    </size>
    <segmented>0</segmented>
    <object>
        <name>bramka</name>
        <pose>Unspecified</pose>
        <truncated>0</truncated>
        <difficult>0</difficult>
        <bndbox>
            <xmin>702.02841796875</xmin>
            <ymin>265.165625</ymin>
            <xmax>1298.2721435546869</xmax>
            <ymax>857.2966796875011</ymax>
        </bndbox>
    </object>
</annotation>
