<annotation>
    <folder></folder>
    <filename>frame_000298</filename>
    <path></path>
    <source>
        <database>Unknown</database>
    </source>
    <size>
        <width>1920</width>
        <height>1080</height>
        <depth>3</depth>
    </size>
    <segmented>0</segmented>
    <object>
        <name>bramka</name>
        <pose>Unspecified</pose>
        <truncated>0</truncated>
        <difficult>0</difficult>
        <bndbox>
            <xmin>649.91796875</xmin>
            <ymin>116.724609375</ymin>
            <xmax>1260.2015014648423</xmax>
            <ymax>712.8292968749993</ymax>
        </bndbox>
    </object>
</annotation>
