<annotation>
    <folder></folder>
    <filename>frame_000092</filename>
    <path></path>
    <source>
        <database>Unknown</database>
    </source>
    <size>
        <width>1920</width>
        <height>1080</height>
        <depth>3</depth>
    </size>
    <segmented>0</segmented>
    <object>
        <name>bramka</name>
        <pose>Unspecified</pose>
        <truncated>0</truncated>
        <difficult>0</difficult>
        <bndbox>
            <xmin>749.50537109375</xmin>
            <ymin>160.75053710937527</ymin>
            <xmax>1307.8998992919933</xmax>
            <ymax>715.5999572753917</ymax>
        </bndbox>
    </object>
</annotation>
