<annotation>
    <folder></folder>
    <filename>frame_000376</filename>
    <path></path>
    <source>
        <database>Unknown</database>
    </source>
    <size>
        <width>1920</width>
        <height>1080</height>
        <depth>3</depth>
    </size>
    <segmented>0</segmented>
    <object>
        <name>bramka</name>
        <pose>Unspecified</pose>
        <truncated>0</truncated>
        <difficult>0</difficult>
        <bndbox>
            <xmin>865.5158203125</xmin>
            <ymin>264.440625</ymin>
            <xmax>1492.8390625</xmax>
            <ymax>863.4845703125</ymax>
        </bndbox>
    </object>
</annotation>
