<annotation>
    <folder></folder>
    <filename>frame_000049</filename>
    <path></path>
    <source>
        <database>Unknown</database>
    </source>
    <size>
        <width>1920</width>
        <height>1080</height>
        <depth>3</depth>
    </size>
    <segmented>0</segmented>
    <object>
        <name>bramka</name>
        <pose>Unspecified</pose>
        <truncated>0</truncated>
        <difficult>0</difficult>
        <bndbox>
            <xmin>660.773193359375</xmin>
            <ymin>94.6630859375</ymin>
            <xmax>1219.9935119628917</xmax>
            <ymax>663.7568847656248</ymax>
        </bndbox>
    </object>
</annotation>
