<annotation>
    <folder></folder>
    <filename>frame_000150</filename>
    <path></path>
    <source>
        <database>Unknown</database>
    </source>
    <size>
        <width>1920</width>
        <height>1080</height>
        <depth>3</depth>
    </size>
    <segmented>0</segmented>
    <object>
        <name>bramka</name>
        <pose>Unspecified</pose>
        <truncated>0</truncated>
        <difficult>0</difficult>
        <bndbox>
            <xmin>781.0309375000012</xmin>
            <ymin>247.14953125000028</ymin>
            <xmax>1349.26533203125</xmax>
            <ymax>817.1476611328137</ymax>
        </bndbox>
    </object>
</annotation>
