<annotation>
    <folder></folder>
    <filename>frame_000380</filename>
    <path></path>
    <source>
        <database>Unknown</database>
    </source>
    <size>
        <width>1920</width>
        <height>1080</height>
        <depth>3</depth>
    </size>
    <segmented>0</segmented>
    <object>
        <name>bramka</name>
        <pose>Unspecified</pose>
        <truncated>0</truncated>
        <difficult>0</difficult>
        <bndbox>
            <xmin>861.5944475446429</xmin>
            <ymin>260.45577566964283</ymin>
            <xmax>1492.0561941964286</xmax>
            <ymax>858.6470424107143</ymax>
        </bndbox>
    </object>
</annotation>
