<annotation>
    <folder></folder>
    <filename>frame_000475</filename>
    <path></path>
    <source>
        <database>Unknown</database>
    </source>
    <size>
        <width>1920</width>
        <height>1080</height>
        <depth>3</depth>
    </size>
    <segmented>0</segmented>
    <object>
        <name>bramka</name>
        <pose>Unspecified</pose>
        <truncated>0</truncated>
        <difficult>0</difficult>
        <bndbox>
            <xmin>790.1708984375</xmin>
            <ymin>248.9970703125</ymin>
            <xmax>1446.51171875</xmax>
            <ymax>860.0853515625004</ymax>
        </bndbox>
    </object>
</annotation>
