<annotation>
    <folder></folder>
    <filename>frame_000345</filename>
    <path></path>
    <source>
        <database>Unknown</database>
    </source>
    <size>
        <width>1920</width>
        <height>1080</height>
        <depth>3</depth>
    </size>
    <segmented>0</segmented>
    <object>
        <name>bramka</name>
        <pose>Unspecified</pose>
        <truncated>0</truncated>
        <difficult>0</difficult>
        <bndbox>
            <xmin>825.24169921875</xmin>
            <ymin>241.40976562500055</ymin>
            <xmax>1454.8079833984375</xmax>
            <ymax>840.4417724609375</ymax>
        </bndbox>
    </object>
</annotation>
