<annotation>
    <folder></folder>
    <filename>frame_000359</filename>
    <path></path>
    <source>
        <database>Unknown</database>
    </source>
    <size>
        <width>1920</width>
        <height>1080</height>
        <depth>3</depth>
    </size>
    <segmented>0</segmented>
    <object>
        <name>bramka</name>
        <pose>Unspecified</pose>
        <truncated>0</truncated>
        <difficult>0</difficult>
        <bndbox>
            <xmin>860.00595703125</xmin>
            <ymin>258.32880859375</ymin>
            <xmax>1487.32919921875</xmax>
            <ymax>857.37275390625</ymax>
        </bndbox>
    </object>
</annotation>
