<annotation>
    <folder></folder>
    <filename>frame_000091</filename>
    <path></path>
    <source>
        <database>Unknown</database>
    </source>
    <size>
        <width>1920</width>
        <height>1080</height>
        <depth>3</depth>
    </size>
    <segmented>0</segmented>
    <object>
        <name>bramka</name>
        <pose>Unspecified</pose>
        <truncated>0</truncated>
        <difficult>0</difficult>
        <bndbox>
            <xmin>750.089599609375</xmin>
            <ymin>158.40895996093764</ymin>
            <xmax>1307.1499496459974</xmax>
            <ymax>713.9999786376966</ymax>
        </bndbox>
    </object>
</annotation>
