<annotation>
    <folder></folder>
    <filename>frame_000323</filename>
    <path></path>
    <source>
        <database>Unknown</database>
    </source>
    <size>
        <width>1920</width>
        <height>1080</height>
        <depth>3</depth>
    </size>
    <segmented>0</segmented>
    <object>
        <name>bramka</name>
        <pose>Unspecified</pose>
        <truncated>0</truncated>
        <difficult>0</difficult>
        <bndbox>
            <xmin>716.5408761160714</xmin>
            <ymin>165.85770089285714</ymin>
            <xmax>1332.8525948660724</xmax>
            <ymax>750.4121058872764</ymax>
        </bndbox>
    </object>
</annotation>
