<annotation>
    <folder></folder>
    <filename>frame_000020</filename>
    <path></path>
    <source>
        <database>Unknown</database>
    </source>
    <size>
        <width>1920</width>
        <height>1080</height>
        <depth>3</depth>
    </size>
    <segmented>0</segmented>
    <object>
        <name>bramka</name>
        <pose>Unspecified</pose>
        <truncated>0</truncated>
        <difficult>0</difficult>
        <bndbox>
            <xmin>622.4833984375</xmin>
            <ymin>109.1630859375</ymin>
            <xmax>1173.2414306640621</xmax>
            <ymax>677.3437622070305</ymax>
        </bndbox>
    </object>
</annotation>
