<annotation>
    <folder></folder>
    <filename>frame_000369</filename>
    <path></path>
    <source>
        <database>Unknown</database>
    </source>
    <size>
        <width>1920</width>
        <height>1080</height>
        <depth>3</depth>
    </size>
    <segmented>0</segmented>
    <object>
        <name>bramka</name>
        <pose>Unspecified</pose>
        <truncated>0</truncated>
        <difficult>0</difficult>
        <bndbox>
            <xmin>866.2171875</xmin>
            <ymin>269.34951171875</ymin>
            <xmax>1493.5404296875</xmax>
            <ymax>868.39345703125</ymax>
        </bndbox>
    </object>
</annotation>
