<annotation>
    <folder></folder>
    <filename>frame_000351</filename>
    <path></path>
    <source>
        <database>Unknown</database>
    </source>
    <size>
        <width>1920</width>
        <height>1080</height>
        <depth>3</depth>
    </size>
    <segmented>0</segmented>
    <object>
        <name>bramka</name>
        <pose>Unspecified</pose>
        <truncated>0</truncated>
        <difficult>0</difficult>
        <bndbox>
            <xmin>845.980078125</xmin>
            <ymin>252.81884765625</ymin>
            <xmax>1473.3033203125</xmax>
            <ymax>851.86279296875</ymax>
        </bndbox>
    </object>
</annotation>
