<annotation>
    <folder></folder>
    <filename>frame_000153</filename>
    <path></path>
    <source>
        <database>Unknown</database>
    </source>
    <size>
        <width>1920</width>
        <height>1080</height>
        <depth>3</depth>
    </size>
    <segmented>0</segmented>
    <object>
        <name>bramka</name>
        <pose>Unspecified</pose>
        <truncated>0</truncated>
        <difficult>0</difficult>
        <bndbox>
            <xmin>778.2273437500007</xmin>
            <ymin>247.43095703125073</ymin>
            <xmax>1347.2908325195312</xmax>
            <ymax>818.269152832032</ymax>
        </bndbox>
    </object>
</annotation>
