<annotation>
    <folder></folder>
    <filename>frame_000189</filename>
    <path></path>
    <source>
        <database>Unknown</database>
    </source>
    <size>
        <width>1920</width>
        <height>1080</height>
        <depth>3</depth>
    </size>
    <segmented>0</segmented>
    <object>
        <name>bramka</name>
        <pose>Unspecified</pose>
        <truncated>0</truncated>
        <difficult>0</difficult>
        <bndbox>
            <xmin>743.28486328125</xmin>
            <ymin>288.3673828125</ymin>
            <xmax>1324.7169421386704</xmax>
            <ymax>878.4723828125001</ymax>
        </bndbox>
    </object>
</annotation>
