<annotation>
    <folder></folder>
    <filename>frame_000104</filename>
    <path></path>
    <source>
        <database>Unknown</database>
    </source>
    <size>
        <width>1920</width>
        <height>1080</height>
        <depth>3</depth>
    </size>
    <segmented>0</segmented>
    <object>
        <name>bramka</name>
        <pose>Unspecified</pose>
        <truncated>0</truncated>
        <difficult>0</difficult>
        <bndbox>
            <xmin>757.6746093750007</xmin>
            <ymin>176.30000000000018</ymin>
            <xmax>1321.9500122070312</xmax>
            <ymax>728.8278198242188</ymax>
        </bndbox>
    </object>
</annotation>
