<annotation>
    <folder></folder>
    <filename>frame_000090</filename>
    <path></path>
    <source>
        <database>Unknown</database>
    </source>
    <size>
        <width>1920</width>
        <height>1080</height>
        <depth>3</depth>
    </size>
    <segmented>0</segmented>
    <object>
        <name>bramka</name>
        <pose>Unspecified</pose>
        <truncated>0</truncated>
        <difficult>0</difficult>
        <bndbox>
            <xmin>750.673828125</xmin>
            <ymin>156.0673828125</ymin>
            <xmax>1306.4000000000015</xmax>
            <ymax>712.4000000000015</ymax>
        </bndbox>
    </object>
</annotation>
