<annotation>
    <folder></folder>
    <filename>frame_000495</filename>
    <path></path>
    <source>
        <database>Unknown</database>
    </source>
    <size>
        <width>1920</width>
        <height>1080</height>
        <depth>3</depth>
    </size>
    <segmented>0</segmented>
    <object>
        <name>bramka</name>
        <pose>Unspecified</pose>
        <truncated>0</truncated>
        <difficult>0</difficult>
        <bndbox>
            <xmin>804.1102627840916</xmin>
            <ymin>211.60617897727272</ymin>
            <xmax>1491.9636141690341</xmax>
            <ymax>836.2803067294034</ymax>
        </bndbox>
    </object>
</annotation>
