<annotation>
    <folder></folder>
    <filename>frame_000248</filename>
    <path></path>
    <source>
        <database>Unknown</database>
    </source>
    <size>
        <width>1920</width>
        <height>1080</height>
        <depth>3</depth>
    </size>
    <segmented>0</segmented>
    <object>
        <name>bramka</name>
        <pose>Unspecified</pose>
        <truncated>0</truncated>
        <difficult>0</difficult>
        <bndbox>
            <xmin>632.890625</xmin>
            <ymin>106.7275390625</ymin>
            <xmax>1234.1542602539048</xmax>
            <ymax>699.8046752929677</ymax>
        </bndbox>
    </object>
</annotation>
