<annotation>
    <folder></folder>
    <filename>frame_000175</filename>
    <path></path>
    <source>
        <database>Unknown</database>
    </source>
    <size>
        <width>1920</width>
        <height>1080</height>
        <depth>3</depth>
    </size>
    <segmented>0</segmented>
    <object>
        <name>bramka</name>
        <pose>Unspecified</pose>
        <truncated>0</truncated>
        <difficult>0</difficult>
        <bndbox>
            <xmin>749.27568359375</xmin>
            <ymin>266.8298828125</ymin>
            <xmax>1327.9342736816393</xmax>
            <ymax>854.4762890625001</ymax>
        </bndbox>
    </object>
</annotation>
