<annotation>
    <folder></folder>
    <filename>frame_000075</filename>
    <path></path>
    <source>
        <database>Unknown</database>
    </source>
    <size>
        <width>1920</width>
        <height>1080</height>
        <depth>3</depth>
    </size>
    <segmented>0</segmented>
    <object>
        <name>bramka</name>
        <pose>Unspecified</pose>
        <truncated>0</truncated>
        <difficult>0</difficult>
        <bndbox>
            <xmin>734.08935546875</xmin>
            <ymin>123.96923828125</ymin>
            <xmax>1292.002636718751</xmax>
            <ymax>687.7882080078125</ymax>
        </bndbox>
    </object>
</annotation>
