<annotation>
    <folder></folder>
    <filename>frame_000464</filename>
    <path></path>
    <source>
        <database>Unknown</database>
    </source>
    <size>
        <width>1920</width>
        <height>1080</height>
        <depth>3</depth>
    </size>
    <segmented>0</segmented>
    <object>
        <name>bramka</name>
        <pose>Unspecified</pose>
        <truncated>0</truncated>
        <difficult>0</difficult>
        <bndbox>
            <xmin>786.66376953125</xmin>
            <ymin>243.68671875</ymin>
            <xmax>1441.0031994628905</xmax>
            <ymax>854.7750000000003</ymax>
        </bndbox>
    </object>
</annotation>
