<annotation>
    <folder></folder>
    <filename>frame_000313</filename>
    <path></path>
    <source>
        <database>Unknown</database>
    </source>
    <size>
        <width>1920</width>
        <height>1080</height>
        <depth>3</depth>
    </size>
    <segmented>0</segmented>
    <object>
        <name>bramka</name>
        <pose>Unspecified</pose>
        <truncated>0</truncated>
        <difficult>0</difficult>
        <bndbox>
            <xmin>669.6209309895834</xmin>
            <ymin>136.94938151041666</ymin>
            <xmax>1282.9185567220054</xmax>
            <ymax>730.8667277018225</ymax>
        </bndbox>
    </object>
</annotation>
