<annotation>
    <folder></folder>
    <filename>frame_000130</filename>
    <path></path>
    <source>
        <database>Unknown</database>
    </source>
    <size>
        <width>1920</width>
        <height>1080</height>
        <depth>3</depth>
    </size>
    <segmented>0</segmented>
    <object>
        <name>bramka</name>
        <pose>Unspecified</pose>
        <truncated>0</truncated>
        <difficult>0</difficult>
        <bndbox>
            <xmin>786.224609375</xmin>
            <ymin>212.791015625</ymin>
            <xmax>1359.5171875000015</xmax>
            <ymax>767.2267822265621</ymax>
        </bndbox>
    </object>
</annotation>
