<annotation>
    <folder></folder>
    <filename>frame_000221</filename>
    <path></path>
    <source>
        <database>Unknown</database>
    </source>
    <size>
        <width>1920</width>
        <height>1080</height>
        <depth>3</depth>
    </size>
    <segmented>0</segmented>
    <object>
        <name>bramka</name>
        <pose>Unspecified</pose>
        <truncated>0</truncated>
        <difficult>0</difficult>
        <bndbox>
            <xmin>667.491796875</xmin>
            <ymin>257.491796875</ymin>
            <xmax>1261.7052368164063</xmax>
            <ymax>843.5710815429687</ymax>
        </bndbox>
    </object>
</annotation>
