<annotation>
    <folder></folder>
    <filename>frame_000381</filename>
    <path></path>
    <source>
        <database>Unknown</database>
    </source>
    <size>
        <width>1920</width>
        <height>1080</height>
        <depth>3</depth>
    </size>
    <segmented>0</segmented>
    <object>
        <name>bramka</name>
        <pose>Unspecified</pose>
        <truncated>0</truncated>
        <difficult>0</difficult>
        <bndbox>
            <xmin>859.7339564732143</xmin>
            <ymin>259.1646205357143</ymin>
            <xmax>1491.764955357143</xmax>
            <ymax>856.9295479910714</ymax>
        </bndbox>
    </object>
</annotation>
