<annotation>
    <folder></folder>
    <filename>frame_000199</filename>
    <path></path>
    <source>
        <database>Unknown</database>
    </source>
    <size>
        <width>1920</width>
        <height>1080</height>
        <depth>3</depth>
    </size>
    <segmented>0</segmented>
    <object>
        <name>bramka</name>
        <pose>Unspecified</pose>
        <truncated>0</truncated>
        <difficult>0</difficult>
        <bndbox>
            <xmin>720.06181640625</xmin>
            <ymin>279.592578125</ymin>
            <xmax>1316.3055419921868</xmax>
            <ymax>871.7236328125011</ymax>
        </bndbox>
    </object>
</annotation>
