<annotation>
    <folder></folder>
    <filename>frame_000258</filename>
    <path></path>
    <source>
        <database>Unknown</database>
    </source>
    <size>
        <width>1920</width>
        <height>1080</height>
        <depth>3</depth>
    </size>
    <segmented>0</segmented>
    <object>
        <name>bramka</name>
        <pose>Unspecified</pose>
        <truncated>0</truncated>
        <difficult>0</difficult>
        <bndbox>
            <xmin>644.91015625</xmin>
            <ymin>104.7021484375</ymin>
            <xmax>1255.1936889648423</xmax>
            <ymax>700.8068359374993</ymax>
        </bndbox>
    </object>
</annotation>
