<annotation>
    <folder></folder>
    <filename>frame_000456</filename>
    <path></path>
    <source>
        <database>Unknown</database>
    </source>
    <size>
        <width>1920</width>
        <height>1080</height>
        <depth>3</depth>
    </size>
    <segmented>0</segmented>
    <object>
        <name>bramka</name>
        <pose>Unspecified</pose>
        <truncated>0</truncated>
        <difficult>0</difficult>
        <bndbox>
            <xmin>806.70048828125</xmin>
            <ymin>249.29765625</ymin>
            <xmax>1445.028795166015</xmax>
            <ymax>860.3859375000004</ymax>
        </bndbox>
    </object>
</annotation>
