<annotation>
    <folder></folder>
    <filename>frame_000006</filename>
    <path></path>
    <source>
        <database>Unknown</database>
    </source>
    <size>
        <width>1920</width>
        <height>1080</height>
        <depth>3</depth>
    </size>
    <segmented>0</segmented>
    <object>
        <name>bramka</name>
        <pose>Unspecified</pose>
        <truncated>0</truncated>
        <difficult>0</difficult>
        <bndbox>
            <xmin>602.39453125</xmin>
            <ymin>133.3134765625</ymin>
            <xmax>1150.1883642578134</xmax>
            <ymax>692.6457080078129</ymax>
        </bndbox>
    </object>
</annotation>
