<annotation>
    <folder></folder>
    <filename>frame_000289</filename>
    <path></path>
    <source>
        <database>Unknown</database>
    </source>
    <size>
        <width>1920</width>
        <height>1080</height>
        <depth>3</depth>
    </size>
    <segmented>0</segmented>
    <object>
        <name>bramka</name>
        <pose>Unspecified</pose>
        <truncated>0</truncated>
        <difficult>0</difficult>
        <bndbox>
            <xmin>634.58896484375</xmin>
            <ymin>114.92109375</ymin>
            <xmax>1244.8724975585924</xmax>
            <ymax>711.0257812499992</ymax>
        </bndbox>
    </object>
</annotation>
