<annotation>
    <folder></folder>
    <filename>frame_000166</filename>
    <path></path>
    <source>
        <database>Unknown</database>
    </source>
    <size>
        <width>1920</width>
        <height>1080</height>
        <depth>3</depth>
    </size>
    <segmented>0</segmented>
    <object>
        <name>bramka</name>
        <pose>Unspecified</pose>
        <truncated>0</truncated>
        <difficult>0</difficult>
        <bndbox>
            <xmin>764.61015625</xmin>
            <ymin>254.66906250000028</ymin>
            <xmax>1339.5209570312495</xmax>
            <ymax>835.0646923828128</ymax>
        </bndbox>
    </object>
</annotation>
