<annotation>
    <folder></folder>
    <filename>frame_000124</filename>
    <path></path>
    <source>
        <database>Unknown</database>
    </source>
    <size>
        <width>1920</width>
        <height>1080</height>
        <depth>3</depth>
    </size>
    <segmented>0</segmented>
    <object>
        <name>bramka</name>
        <pose>Unspecified</pose>
        <truncated>0</truncated>
        <difficult>0</difficult>
        <bndbox>
            <xmin>781.3049665178571</xmin>
            <ymin>191.02287946428572</ymin>
            <xmax>1348.258370535715</xmax>
            <ymax>744.5909720284596</ymax>
        </bndbox>
    </object>
</annotation>
