<annotation>
    <folder></folder>
    <filename>frame_000276</filename>
    <path></path>
    <source>
        <database>Unknown</database>
    </source>
    <size>
        <width>1920</width>
        <height>1080</height>
        <depth>3</depth>
    </size>
    <segmented>0</segmented>
    <object>
        <name>bramka</name>
        <pose>Unspecified</pose>
        <truncated>0</truncated>
        <difficult>0</difficult>
        <bndbox>
            <xmin>639.69921875</xmin>
            <ymin>113.3177734375</ymin>
            <xmax>1249.9827514648423</xmax>
            <ymax>709.4224609374993</ymax>
        </bndbox>
    </object>
</annotation>
