<annotation>
    <folder></folder>
    <filename>frame_000042</filename>
    <path></path>
    <source>
        <database>Unknown</database>
    </source>
    <size>
        <width>1920</width>
        <height>1080</height>
        <depth>3</depth>
    </size>
    <segmented>0</segmented>
    <object>
        <name>bramka</name>
        <pose>Unspecified</pose>
        <truncated>0</truncated>
        <difficult>0</difficult>
        <bndbox>
            <xmin>645.1539713541666</xmin>
            <ymin>93.85221354166667</ymin>
            <xmax>1204.4498128255218</xmax>
            <ymax>663.0996744791664</ymax>
        </bndbox>
    </object>
</annotation>
