<annotation>
    <folder></folder>
    <filename>frame_000454</filename>
    <path></path>
    <source>
        <database>Unknown</database>
    </source>
    <size>
        <width>1920</width>
        <height>1080</height>
        <depth>3</depth>
    </size>
    <segmented>0</segmented>
    <object>
        <name>bramka</name>
        <pose>Unspecified</pose>
        <truncated>0</truncated>
        <difficult>0</difficult>
        <bndbox>
            <xmin>810.10556640625</xmin>
            <ymin>249.89873046875</ymin>
            <xmax>1445.5319763183586</xmax>
            <ymax>859.7798437500003</ymax>
        </bndbox>
    </object>
</annotation>
