<annotation>
    <folder></folder>
    <filename>frame_000131</filename>
    <path></path>
    <source>
        <database>Unknown</database>
    </source>
    <size>
        <width>1920</width>
        <height>1080</height>
        <depth>3</depth>
    </size>
    <segmented>0</segmented>
    <object>
        <name>bramka</name>
        <pose>Unspecified</pose>
        <truncated>0</truncated>
        <difficult>0</difficult>
        <bndbox>
            <xmin>786.3591796875</xmin>
            <ymin>216.02119140625</ymin>
            <xmax>1359.6517578125015</xmax>
            <ymax>770.4569580078121</ymax>
        </bndbox>
    </object>
</annotation>
