<annotation>
    <folder></folder>
    <filename>frame_000086</filename>
    <path></path>
    <source>
        <database>Unknown</database>
    </source>
    <size>
        <width>1920</width>
        <height>1080</height>
        <depth>3</depth>
    </size>
    <segmented>0</segmented>
    <object>
        <name>bramka</name>
        <pose>Unspecified</pose>
        <truncated>0</truncated>
        <difficult>0</difficult>
        <bndbox>
            <xmin>744.0</xmin>
            <ymin>143.8000000000011</ymin>
            <xmax>1303.4232788085938</xmax>
            <ymax>706.8349609375</ymax>
        </bndbox>
    </object>
</annotation>
