<annotation>
    <folder></folder>
    <filename>frame_000072</filename>
    <path></path>
    <source>
        <database>Unknown</database>
    </source>
    <size>
        <width>1920</width>
        <height>1080</height>
        <depth>3</depth>
    </size>
    <segmented>0</segmented>
    <object>
        <name>bramka</name>
        <pose>Unspecified</pose>
        <truncated>0</truncated>
        <difficult>0</difficult>
        <bndbox>
            <xmin>729.9166015625</xmin>
            <ymin>117.5494140625</ymin>
            <xmax>1287.8298828125012</xmax>
            <ymax>681.3683837890625</ymax>
        </bndbox>
    </object>
</annotation>
