<annotation>
    <folder></folder>
    <filename>frame_000176</filename>
    <path></path>
    <source>
        <database>Unknown</database>
    </source>
    <size>
        <width>1920</width>
        <height>1080</height>
        <depth>3</depth>
    </size>
    <segmented>0</segmented>
    <object>
        <name>bramka</name>
        <pose>Unspecified</pose>
        <truncated>0</truncated>
        <difficult>0</difficult>
        <bndbox>
            <xmin>747.4044921875</xmin>
            <ymin>268.325390625</ymin>
            <xmax>1326.4389990234363</xmax>
            <ymax>856.7162890625001</ymax>
        </bndbox>
    </object>
</annotation>
