<annotation>
    <folder></folder>
    <filename>frame_000043</filename>
    <path></path>
    <source>
        <database>Unknown</database>
    </source>
    <size>
        <width>1920</width>
        <height>1080</height>
        <depth>3</depth>
    </size>
    <segmented>0</segmented>
    <object>
        <name>bramka</name>
        <pose>Unspecified</pose>
        <truncated>0</truncated>
        <difficult>0</difficult>
        <bndbox>
            <xmin>647.2568359375</xmin>
            <ymin>93.23828125</ymin>
            <xmax>1206.703723144532</xmax>
            <ymax>662.7930664062496</ymax>
        </bndbox>
    </object>
</annotation>
