<annotation>
    <folder></folder>
    <filename>frame_000196</filename>
    <path></path>
    <source>
        <database>Unknown</database>
    </source>
    <size>
        <width>1920</width>
        <height>1080</height>
        <depth>3</depth>
    </size>
    <segmented>0</segmented>
    <object>
        <name>bramka</name>
        <pose>Unspecified</pose>
        <truncated>0</truncated>
        <difficult>0</difficult>
        <bndbox>
            <xmin>727.56015625</xmin>
            <ymin>283.4126953125</ymin>
            <xmax>1320.5124047851555</xmax>
            <ymax>875.0935156250009</ymax>
        </bndbox>
    </object>
</annotation>
