<annotation>
    <folder></folder>
    <filename>frame_000450</filename>
    <path></path>
    <source>
        <database>Unknown</database>
    </source>
    <size>
        <width>1920</width>
        <height>1080</height>
        <depth>3</depth>
    </size>
    <segmented>0</segmented>
    <object>
        <name>bramka</name>
        <pose>Unspecified</pose>
        <truncated>0</truncated>
        <difficult>0</difficult>
        <bndbox>
            <xmin>813.70751953125</xmin>
            <ymin>249.49755859375</ymin>
            <xmax>1445.5319030761711</xmax>
            <ymax>854.5500000000002</ymax>
        </bndbox>
    </object>
</annotation>
