<annotation>
    <folder></folder>
    <filename>frame_000432</filename>
    <path></path>
    <source>
        <database>Unknown</database>
    </source>
    <size>
        <width>1920</width>
        <height>1080</height>
        <depth>3</depth>
    </size>
    <segmented>0</segmented>
    <object>
        <name>bramka</name>
        <pose>Unspecified</pose>
        <truncated>0</truncated>
        <difficult>0</difficult>
        <bndbox>
            <xmin>811.697900390625</xmin>
            <ymin>247.042919921875</ymin>
            <xmax>1439.0197509765617</xmax>
            <ymax>846.059521484375</ymax>
        </bndbox>
    </object>
</annotation>
