<annotation>
    <folder></folder>
    <filename>frame_000268</filename>
    <path></path>
    <source>
        <database>Unknown</database>
    </source>
    <size>
        <width>1920</width>
        <height>1080</height>
        <depth>3</depth>
    </size>
    <segmented>0</segmented>
    <object>
        <name>bramka</name>
        <pose>Unspecified</pose>
        <truncated>0</truncated>
        <difficult>0</difficult>
        <bndbox>
            <xmin>638.8984375</xmin>
            <ymin>119.7294921875</ymin>
            <xmax>1249.1819702148423</xmax>
            <ymax>715.8341796874993</ymax>
        </bndbox>
    </object>
</annotation>
