<annotation>
    <folder></folder>
    <filename>frame_000056</filename>
    <path></path>
    <source>
        <database>Unknown</database>
    </source>
    <size>
        <width>1920</width>
        <height>1080</height>
        <depth>3</depth>
    </size>
    <segmented>0</segmented>
    <object>
        <name>bramka</name>
        <pose>Unspecified</pose>
        <truncated>0</truncated>
        <difficult>0</difficult>
        <bndbox>
            <xmin>685.50234375</xmin>
            <ymin>99.20078125</ymin>
            <xmax>1243.8478125000013</xmax>
            <ymax>664.9452880859375</ymax>
        </bndbox>
    </object>
</annotation>
