<annotation>
    <folder></folder>
    <filename>frame_000312</filename>
    <path></path>
    <source>
        <database>Unknown</database>
    </source>
    <size>
        <width>1920</width>
        <height>1080</height>
        <depth>3</depth>
    </size>
    <segmented>0</segmented>
    <object>
        <name>bramka</name>
        <pose>Unspecified</pose>
        <truncated>0</truncated>
        <difficult>0</difficult>
        <bndbox>
            <xmin>665.7470703125</xmin>
            <ymin>133.572265625</ymin>
            <xmax>1278.4418774414062</xmax>
            <ymax>729.6600732421866</ymax>
        </bndbox>
    </object>
</annotation>
