<annotation>
    <folder></folder>
    <filename>frame_000458</filename>
    <path></path>
    <source>
        <database>Unknown</database>
    </source>
    <size>
        <width>1920</width>
        <height>1080</height>
        <depth>3</depth>
    </size>
    <segmented>0</segmented>
    <object>
        <name>bramka</name>
        <pose>Unspecified</pose>
        <truncated>0</truncated>
        <difficult>0</difficult>
        <bndbox>
            <xmin>801.69130859375</xmin>
            <ymin>247.894921875</ymin>
            <xmax>1444.0223962402338</xmax>
            <ymax>858.9832031250004</ymax>
        </bndbox>
    </object>
</annotation>
