<annotation>
    <folder></folder>
    <filename>frame_000177</filename>
    <path></path>
    <source>
        <database>Unknown</database>
    </source>
    <size>
        <width>1920</width>
        <height>1080</height>
        <depth>3</depth>
    </size>
    <segmented>0</segmented>
    <object>
        <name>bramka</name>
        <pose>Unspecified</pose>
        <truncated>0</truncated>
        <difficult>0</difficult>
        <bndbox>
            <xmin>745.53330078125</xmin>
            <ymin>269.8208984375</ymin>
            <xmax>1324.943724365233</xmax>
            <ymax>858.9562890625</ymax>
        </bndbox>
    </object>
</annotation>
