<annotation>
    <folder></folder>
    <filename>frame_000378</filename>
    <path></path>
    <source>
        <database>Unknown</database>
    </source>
    <size>
        <width>1920</width>
        <height>1080</height>
        <depth>3</depth>
    </size>
    <segmented>0</segmented>
    <object>
        <name>bramka</name>
        <pose>Unspecified</pose>
        <truncated>0</truncated>
        <difficult>0</difficult>
        <bndbox>
            <xmin>865.3154296875</xmin>
            <ymin>263.0380859375</ymin>
            <xmax>1492.638671875</xmax>
            <ymax>862.08203125</ymax>
        </bndbox>
    </object>
</annotation>
