<annotation>
    <folder></folder>
    <filename>frame_000397</filename>
    <path></path>
    <source>
        <database>Unknown</database>
    </source>
    <size>
        <width>1920</width>
        <height>1080</height>
        <depth>3</depth>
    </size>
    <segmented>0</segmented>
    <object>
        <name>bramka</name>
        <pose>Unspecified</pose>
        <truncated>0</truncated>
        <difficult>0</difficult>
        <bndbox>
            <xmin>835.059765625</xmin>
            <ymin>250.1986328125</ymin>
            <xmax>1478.3921875000003</xmax>
            <ymax>850.26015625</ymax>
        </bndbox>
    </object>
</annotation>
