<annotation>
    <folder></folder>
    <filename>frame_000060</filename>
    <path></path>
    <source>
        <database>Unknown</database>
    </source>
    <size>
        <width>1920</width>
        <height>1080</height>
        <depth>3</depth>
    </size>
    <segmented>0</segmented>
    <object>
        <name>bramka</name>
        <pose>Unspecified</pose>
        <truncated>0</truncated>
        <difficult>0</difficult>
        <bndbox>
            <xmin>700.38671875</xmin>
            <ymin>101.5</ymin>
            <xmax>1258.300000000001</xmax>
            <ymax>665.3189697265625</ymax>
        </bndbox>
    </object>
</annotation>
