<annotation>
    <folder></folder>
    <filename>frame_000303</filename>
    <path></path>
    <source>
        <database>Unknown</database>
    </source>
    <size>
        <width>1920</width>
        <height>1080</height>
        <depth>3</depth>
    </size>
    <segmented>0</segmented>
    <object>
        <name>bramka</name>
        <pose>Unspecified</pose>
        <truncated>0</truncated>
        <difficult>0</difficult>
        <bndbox>
            <xmin>655.427734375</xmin>
            <ymin>119.72998046875</ymin>
            <xmax>1265.7112670898423</xmax>
            <ymax>715.8346679687493</ymax>
        </bndbox>
    </object>
</annotation>
