<annotation>
    <folder></folder>
    <filename>frame_000286</filename>
    <path></path>
    <source>
        <database>Unknown</database>
    </source>
    <size>
        <width>1920</width>
        <height>1080</height>
        <depth>3</depth>
    </size>
    <segmented>0</segmented>
    <object>
        <name>bramka</name>
        <pose>Unspecified</pose>
        <truncated>0</truncated>
        <difficult>0</difficult>
        <bndbox>
            <xmin>634.2884765625</xmin>
            <ymin>114.11953125</ymin>
            <xmax>1244.5720092773422</xmax>
            <ymax>710.2242187499993</ymax>
        </bndbox>
    </object>
</annotation>
