<annotation>
    <folder></folder>
    <filename>frame_000030</filename>
    <path></path>
    <source>
        <database>Unknown</database>
    </source>
    <size>
        <width>1920</width>
        <height>1080</height>
        <depth>3</depth>
    </size>
    <segmented>0</segmented>
    <object>
        <name>bramka</name>
        <pose>Unspecified</pose>
        <truncated>0</truncated>
        <difficult>0</difficult>
        <bndbox>
            <xmin>642.5546875</xmin>
            <ymin>104.310546875</ymin>
            <xmax>1183.9214843750015</xmax>
            <ymax>661.6951171875007</ymax>
        </bndbox>
    </object>
</annotation>
