<annotation>
    <folder></folder>
    <filename>frame_000219</filename>
    <path></path>
    <source>
        <database>Unknown</database>
    </source>
    <size>
        <width>1920</width>
        <height>1080</height>
        <depth>3</depth>
    </size>
    <segmented>0</segmented>
    <object>
        <name>bramka</name>
        <pose>Unspecified</pose>
        <truncated>0</truncated>
        <difficult>0</difficult>
        <bndbox>
            <xmin>670.497265625</xmin>
            <ymin>260.497265625</ymin>
            <xmax>1264.7107055664062</xmax>
            <ymax>846.5765502929687</ymax>
        </bndbox>
    </object>
</annotation>
