<annotation>
    <folder></folder>
    <filename>frame_000355</filename>
    <path></path>
    <source>
        <database>Unknown</database>
    </source>
    <size>
        <width>1920</width>
        <height>1080</height>
        <depth>3</depth>
    </size>
    <segmented>0</segmented>
    <object>
        <name>bramka</name>
        <pose>Unspecified</pose>
        <truncated>0</truncated>
        <difficult>0</difficult>
        <bndbox>
            <xmin>853.594140625</xmin>
            <ymin>255.22314453125</ymin>
            <xmax>1480.9173828125</xmax>
            <ymax>854.26708984375</ymax>
        </bndbox>
    </object>
</annotation>
