<annotation>
    <folder></folder>
    <filename>frame_000220</filename>
    <path></path>
    <source>
        <database>Unknown</database>
    </source>
    <size>
        <width>1920</width>
        <height>1080</height>
        <depth>3</depth>
    </size>
    <segmented>0</segmented>
    <object>
        <name>bramka</name>
        <pose>Unspecified</pose>
        <truncated>0</truncated>
        <difficult>0</difficult>
        <bndbox>
            <xmin>668.99453125</xmin>
            <ymin>258.99453125</ymin>
            <xmax>1263.2079711914062</xmax>
            <ymax>845.0738159179688</ymax>
        </bndbox>
    </object>
</annotation>
