<annotation>
    <folder></folder>
    <filename>frame_000459</filename>
    <path></path>
    <source>
        <database>Unknown</database>
    </source>
    <size>
        <width>1920</width>
        <height>1080</height>
        <depth>3</depth>
    </size>
    <segmented>0</segmented>
    <object>
        <name>bramka</name>
        <pose>Unspecified</pose>
        <truncated>0</truncated>
        <difficult>0</difficult>
        <bndbox>
            <xmin>799.18671875</xmin>
            <ymin>247.1935546875</ymin>
            <xmax>1443.5191967773433</xmax>
            <ymax>858.2818359375003</ymax>
        </bndbox>
    </object>
</annotation>
