<annotation>
    <folder></folder>
    <filename>frame_000346</filename>
    <path></path>
    <source>
        <database>Unknown</database>
    </source>
    <size>
        <width>1920</width>
        <height>1080</height>
        <depth>3</depth>
    </size>
    <segmented>0</segmented>
    <object>
        <name>bramka</name>
        <pose>Unspecified</pose>
        <truncated>0</truncated>
        <difficult>0</difficult>
        <bndbox>
            <xmin>830.2509765625</xmin>
            <ymin>244.61171875000036</ymin>
            <xmax>1459.069580078125</xmax>
            <ymax>843.647705078125</ymax>
        </bndbox>
    </object>
</annotation>
