<annotation>
    <folder></folder>
    <filename>frame_000002</filename>
    <path></path>
    <source>
        <database>Unknown</database>
    </source>
    <size>
        <width>1920</width>
        <height>1080</height>
        <depth>3</depth>
    </size>
    <segmented>0</segmented>
    <object>
        <name>bramka</name>
        <pose>Unspecified</pose>
        <truncated>0</truncated>
        <difficult>0</difficult>
        <bndbox>
            <xmin>592.755859375</xmin>
            <ymin>137.8115234375</ymin>
            <xmax>1146.9767285156254</xmax>
            <ymax>699.0914160156251</ymax>
        </bndbox>
    </object>
</annotation>
