<annotation>
    <folder></folder>
    <filename>frame_000415</filename>
    <path></path>
    <source>
        <database>Unknown</database>
    </source>
    <size>
        <width>1920</width>
        <height>1080</height>
        <depth>3</depth>
    </size>
    <segmented>0</segmented>
    <object>
        <name>bramka</name>
        <pose>Unspecified</pose>
        <truncated>0</truncated>
        <difficult>0</difficult>
        <bndbox>
            <xmin>813.2000000000007</xmin>
            <ymin>241.9833984375</ymin>
            <xmax>1440.5218505859375</xmax>
            <ymax>841.0</ymax>
        </bndbox>
    </object>
</annotation>
