<annotation>
    <folder></folder>
    <filename>frame_000167</filename>
    <path></path>
    <source>
        <database>Unknown</database>
    </source>
    <size>
        <width>1920</width>
        <height>1080</height>
        <depth>3</depth>
    </size>
    <segmented>0</segmented>
    <object>
        <name>bramka</name>
        <pose>Unspecified</pose>
        <truncated>0</truncated>
        <difficult>0</difficult>
        <bndbox>
            <xmin>763.49208984375</xmin>
            <ymin>255.51519531250014</ymin>
            <xmax>1338.9610766601556</xmax>
            <ymax>836.9304907226566</ymax>
        </bndbox>
    </object>
</annotation>
