<annotation>
    <folder></folder>
    <filename>frame_000446</filename>
    <path></path>
    <source>
        <database>Unknown</database>
    </source>
    <size>
        <width>1920</width>
        <height>1080</height>
        <depth>3</depth>
    </size>
    <segmented>0</segmented>
    <object>
        <name>bramka</name>
        <pose>Unspecified</pose>
        <truncated>0</truncated>
        <difficult>0</difficult>
        <bndbox>
            <xmin>817.30947265625</xmin>
            <ymin>249.09638671875</ymin>
            <xmax>1445.5318298339837</xmax>
            <ymax>849.3201562500001</ymax>
        </bndbox>
    </object>
</annotation>
