<annotation>
    <folder></folder>
    <filename>frame_000228</filename>
    <path></path>
    <source>
        <database>Unknown</database>
    </source>
    <size>
        <width>1920</width>
        <height>1080</height>
        <depth>3</depth>
    </size>
    <segmented>0</segmented>
    <object>
        <name>bramka</name>
        <pose>Unspecified</pose>
        <truncated>0</truncated>
        <difficult>0</difficult>
        <bndbox>
            <xmin>656.97265625</xmin>
            <ymin>246.97265625</ymin>
            <xmax>1251.1860961914062</xmax>
            <ymax>833.0519409179688</ymax>
        </bndbox>
    </object>
</annotation>
