<annotation>
    <folder></folder>
    <filename>frame_000469</filename>
    <path></path>
    <source>
        <database>Unknown</database>
    </source>
    <size>
        <width>1920</width>
        <height>1080</height>
        <depth>3</depth>
    </size>
    <segmented>0</segmented>
    <object>
        <name>bramka</name>
        <pose>Unspecified</pose>
        <truncated>0</truncated>
        <difficult>0</difficult>
        <bndbox>
            <xmin>786.5638671875</xmin>
            <ymin>245.3900390625</ymin>
            <xmax>1442.9046875</xmax>
            <ymax>856.4783203125004</ymax>
        </bndbox>
    </object>
</annotation>
