<annotation>
    <folder></folder>
    <filename>frame_000073</filename>
    <path></path>
    <source>
        <database>Unknown</database>
    </source>
    <size>
        <width>1920</width>
        <height>1080</height>
        <depth>3</depth>
    </size>
    <segmented>0</segmented>
    <object>
        <name>bramka</name>
        <pose>Unspecified</pose>
        <truncated>0</truncated>
        <difficult>0</difficult>
        <bndbox>
            <xmin>731.30751953125</xmin>
            <ymin>119.68935546875</ymin>
            <xmax>1289.220800781251</xmax>
            <ymax>683.5083251953125</ymax>
        </bndbox>
    </object>
</annotation>
