<annotation>
    <folder></folder>
    <filename>frame_000262</filename>
    <path></path>
    <source>
        <database>Unknown</database>
    </source>
    <size>
        <width>1920</width>
        <height>1080</height>
        <depth>3</depth>
    </size>
    <segmented>0</segmented>
    <object>
        <name>bramka</name>
        <pose>Unspecified</pose>
        <truncated>0</truncated>
        <difficult>0</difficult>
        <bndbox>
            <xmin>642.50546875</xmin>
            <ymin>110.7130859375</ymin>
            <xmax>1252.7890014648424</xmax>
            <ymax>706.8177734374992</ymax>
        </bndbox>
    </object>
</annotation>
