<annotation>
    <folder></folder>
    <filename>frame_000225</filename>
    <path></path>
    <source>
        <database>Unknown</database>
    </source>
    <size>
        <width>1920</width>
        <height>1080</height>
        <depth>3</depth>
    </size>
    <segmented>0</segmented>
    <object>
        <name>bramka</name>
        <pose>Unspecified</pose>
        <truncated>0</truncated>
        <difficult>0</difficult>
        <bndbox>
            <xmin>661.480859375</xmin>
            <ymin>251.480859375</ymin>
            <xmax>1255.6942993164062</xmax>
            <ymax>837.5601440429688</ymax>
        </bndbox>
    </object>
</annotation>
