<annotation>
    <folder></folder>
    <filename>frame_000203</filename>
    <path></path>
    <source>
        <database>Unknown</database>
    </source>
    <size>
        <width>1920</width>
        <height>1080</height>
        <depth>3</depth>
    </size>
    <segmented>0</segmented>
    <object>
        <name>bramka</name>
        <pose>Unspecified</pose>
        <truncated>0</truncated>
        <difficult>0</difficult>
        <bndbox>
            <xmin>708.03955078125</xmin>
            <ymin>269.974609375</ymin>
            <xmax>1304.2832763671868</xmax>
            <ymax>862.1056640625011</ymax>
        </bndbox>
    </object>
</annotation>
