<annotation>
    <folder></folder>
    <filename>frame_000282</filename>
    <path></path>
    <source>
        <database>Unknown</database>
    </source>
    <size>
        <width>1920</width>
        <height>1080</height>
        <depth>3</depth>
    </size>
    <segmented>0</segmented>
    <object>
        <name>bramka</name>
        <pose>Unspecified</pose>
        <truncated>0</truncated>
        <difficult>0</difficult>
        <bndbox>
            <xmin>637.0939453125</xmin>
            <ymin>112.9171875</ymin>
            <xmax>1247.3774780273422</xmax>
            <ymax>709.0218749999992</ymax>
        </bndbox>
    </object>
</annotation>
