<annotation>
    <folder></folder>
    <filename>frame_000445</filename>
    <path></path>
    <source>
        <database>Unknown</database>
    </source>
    <size>
        <width>1920</width>
        <height>1080</height>
        <depth>3</depth>
    </size>
    <segmented>0</segmented>
    <object>
        <name>bramka</name>
        <pose>Unspecified</pose>
        <truncated>0</truncated>
        <difficult>0</difficult>
        <bndbox>
            <xmin>818.2099609375</xmin>
            <ymin>248.99609375</ymin>
            <xmax>1445.5318115234368</xmax>
            <ymax>848.0126953125</ymax>
        </bndbox>
    </object>
</annotation>
