<annotation>
    <folder></folder>
    <filename>frame_000250</filename>
    <path></path>
    <source>
        <database>Unknown</database>
    </source>
    <size>
        <width>1920</width>
        <height>1080</height>
        <depth>3</depth>
    </size>
    <segmented>0</segmented>
    <object>
        <name>bramka</name>
        <pose>Unspecified</pose>
        <truncated>0</truncated>
        <difficult>0</difficult>
        <bndbox>
            <xmin>635.29453125</xmin>
            <ymin>106.3224609375</ymin>
            <xmax>1238.3621459960923</xmax>
            <ymax>700.005107421874</ymax>
        </bndbox>
    </object>
</annotation>
