<annotation>
    <folder></folder>
    <filename>frame_000116</filename>
    <path></path>
    <source>
        <database>Unknown</database>
    </source>
    <size>
        <width>1920</width>
        <height>1080</height>
        <depth>3</depth>
    </size>
    <segmented>0</segmented>
    <object>
        <name>bramka</name>
        <pose>Unspecified</pose>
        <truncated>0</truncated>
        <difficult>0</difficult>
        <bndbox>
            <xmin>774.39404296875</xmin>
            <ymin>170.7469238281251</ymin>
            <xmax>1343.296484375001</xmax>
            <ymax>728.0086029052732</ymax>
        </bndbox>
    </object>
</annotation>
