<annotation>
    <folder></folder>
    <filename>frame_000216</filename>
    <path></path>
    <source>
        <database>Unknown</database>
    </source>
    <size>
        <width>1920</width>
        <height>1080</height>
        <depth>3</depth>
    </size>
    <segmented>0</segmented>
    <object>
        <name>bramka</name>
        <pose>Unspecified</pose>
        <truncated>0</truncated>
        <difficult>0</difficult>
        <bndbox>
            <xmin>676.20234375</xmin>
            <ymin>261.1904296875</ymin>
            <xmax>1270.8218408203124</xmax>
            <ymax>848.4800683593752</ymax>
        </bndbox>
    </object>
</annotation>
