<annotation>
    <folder></folder>
    <filename>frame_000047</filename>
    <path></path>
    <source>
        <database>Unknown</database>
    </source>
    <size>
        <width>1920</width>
        <height>1080</height>
        <depth>3</depth>
    </size>
    <segmented>0</segmented>
    <object>
        <name>bramka</name>
        <pose>Unspecified</pose>
        <truncated>0</truncated>
        <difficult>0</difficult>
        <bndbox>
            <xmin>655.968017578125</xmin>
            <ymin>92.4853515625</ymin>
            <xmax>1215.6414733886722</xmax>
            <ymax>662.5011230468745</ymax>
        </bndbox>
    </object>
</annotation>
