<annotation>
    <folder></folder>
    <filename>frame_000078</filename>
    <path></path>
    <source>
        <database>Unknown</database>
    </source>
    <size>
        <width>1920</width>
        <height>1080</height>
        <depth>3</depth>
    </size>
    <segmented>0</segmented>
    <object>
        <name>bramka</name>
        <pose>Unspecified</pose>
        <truncated>0</truncated>
        <difficult>0</difficult>
        <bndbox>
            <xmin>738.262109375</xmin>
            <ymin>130.3890625</ymin>
            <xmax>1296.175390625001</xmax>
            <ymax>694.2080322265625</ymax>
        </bndbox>
    </object>
</annotation>
