<annotation>
    <folder></folder>
    <filename>frame_000111</filename>
    <path></path>
    <source>
        <database>Unknown</database>
    </source>
    <size>
        <width>1920</width>
        <height>1080</height>
        <depth>3</depth>
    </size>
    <segmented>0</segmented>
    <object>
        <name>bramka</name>
        <pose>Unspecified</pose>
        <truncated>0</truncated>
        <difficult>0</difficult>
        <bndbox>
            <xmin>768.303955078125</xmin>
            <ymin>173.12448730468782</ymin>
            <xmax>1342.7994140625008</xmax>
            <ymax>729.2256973266601</ymax>
        </bndbox>
    </object>
</annotation>
