<annotation>
    <folder></folder>
    <filename>frame_000134</filename>
    <path></path>
    <source>
        <database>Unknown</database>
    </source>
    <size>
        <width>1920</width>
        <height>1080</height>
        <depth>3</depth>
    </size>
    <segmented>0</segmented>
    <object>
        <name>bramka</name>
        <pose>Unspecified</pose>
        <truncated>0</truncated>
        <difficult>0</difficult>
        <bndbox>
            <xmin>786.762890625</xmin>
            <ymin>225.71171875</ymin>
            <xmax>1360.0554687500014</xmax>
            <ymax>780.1474853515622</ymax>
        </bndbox>
    </object>
</annotation>
