<annotation>
    <folder></folder>
    <filename>frame_000327</filename>
    <path></path>
    <source>
        <database>Unknown</database>
    </source>
    <size>
        <width>1920</width>
        <height>1080</height>
        <depth>3</depth>
    </size>
    <segmented>0</segmented>
    <object>
        <name>bramka</name>
        <pose>Unspecified</pose>
        <truncated>0</truncated>
        <difficult>0</difficult>
        <bndbox>
            <xmin>738.5816127232143</xmin>
            <ymin>175.47544642857144</ymin>
            <xmax>1354.8933314732153</xmax>
            <ymax>769.2363176618294</ymax>
        </bndbox>
    </object>
</annotation>
