<annotation>
    <folder></folder>
    <filename>frame_000452</filename>
    <path></path>
    <source>
        <database>Unknown</database>
    </source>
    <size>
        <width>1920</width>
        <height>1080</height>
        <depth>3</depth>
    </size>
    <segmented>0</segmented>
    <object>
        <name>bramka</name>
        <pose>Unspecified</pose>
        <truncated>0</truncated>
        <difficult>0</difficult>
        <bndbox>
            <xmin>811.90654296875</xmin>
            <ymin>249.69814453125</ymin>
            <xmax>1445.531939697265</xmax>
            <ymax>857.1649218750002</ymax>
        </bndbox>
    </object>
</annotation>
