<annotation>
    <folder></folder>
    <filename>frame_000181</filename>
    <path></path>
    <source>
        <database>Unknown</database>
    </source>
    <size>
        <width>1920</width>
        <height>1080</height>
        <depth>3</depth>
    </size>
    <segmented>0</segmented>
    <object>
        <name>bramka</name>
        <pose>Unspecified</pose>
        <truncated>0</truncated>
        <difficult>0</difficult>
        <bndbox>
            <xmin>744.2228515625</xmin>
            <ymin>276.64404296875</ymin>
            <xmax>1324.0091918945297</xmax>
            <ymax>866.52392578125</ymax>
        </bndbox>
    </object>
</annotation>
