<annotation>
    <folder></folder>
    <filename>frame_000138</filename>
    <path></path>
    <source>
        <database>Unknown</database>
    </source>
    <size>
        <width>1920</width>
        <height>1080</height>
        <depth>3</depth>
    </size>
    <segmented>0</segmented>
    <object>
        <name>bramka</name>
        <pose>Unspecified</pose>
        <truncated>0</truncated>
        <difficult>0</difficult>
        <bndbox>
            <xmin>787.301171875</xmin>
            <ymin>238.632421875</ymin>
            <xmax>1360.5937500000014</xmax>
            <ymax>793.0681884765621</ymax>
        </bndbox>
    </object>
</annotation>
