<annotation>
    <folder></folder>
    <filename>frame_000352</filename>
    <path></path>
    <source>
        <database>Unknown</database>
    </source>
    <size>
        <width>1920</width>
        <height>1080</height>
        <depth>3</depth>
    </size>
    <segmented>0</segmented>
    <object>
        <name>bramka</name>
        <pose>Unspecified</pose>
        <truncated>0</truncated>
        <difficult>0</difficult>
        <bndbox>
            <xmin>847.88359375</xmin>
            <ymin>253.419921875</ymin>
            <xmax>1475.2068359375</xmax>
            <ymax>852.4638671875</ymax>
        </bndbox>
    </object>
</annotation>
