<annotation>
    <folder></folder>
    <filename>frame_000007</filename>
    <path></path>
    <source>
        <database>Unknown</database>
    </source>
    <size>
        <width>1920</width>
        <height>1080</height>
        <depth>3</depth>
    </size>
    <segmented>0</segmented>
    <object>
        <name>bramka</name>
        <pose>Unspecified</pose>
        <truncated>0</truncated>
        <difficult>0</difficult>
        <bndbox>
            <xmin>604.80419921875</xmin>
            <ymin>132.18896484375</ymin>
            <xmax>1150.9912731933605</xmax>
            <ymax>691.0342810058598</ymax>
        </bndbox>
    </object>
</annotation>
