<annotation>
    <folder></folder>
    <filename>frame_000057</filename>
    <path></path>
    <source>
        <database>Unknown</database>
    </source>
    <size>
        <width>1920</width>
        <height>1080</height>
        <depth>3</depth>
    </size>
    <segmented>0</segmented>
    <object>
        <name>bramka</name>
        <pose>Unspecified</pose>
        <truncated>0</truncated>
        <difficult>0</difficult>
        <bndbox>
            <xmin>689.2234375</xmin>
            <ymin>99.7755859375</ymin>
            <xmax>1247.4608593750013</xmax>
            <ymax>665.0387084960937</ymax>
        </bndbox>
    </object>
</annotation>
