<annotation>
    <folder></folder>
    <filename>frame_000283</filename>
    <path></path>
    <source>
        <database>Unknown</database>
    </source>
    <size>
        <width>1920</width>
        <height>1080</height>
        <depth>3</depth>
    </size>
    <segmented>0</segmented>
    <object>
        <name>bramka</name>
        <pose>Unspecified</pose>
        <truncated>0</truncated>
        <difficult>0</difficult>
        <bndbox>
            <xmin>636.392578125</xmin>
            <ymin>113.2177734375</ymin>
            <xmax>1246.6761108398423</xmax>
            <ymax>709.3224609374993</ymax>
        </bndbox>
    </object>
</annotation>
