<annotation>
    <folder></folder>
    <filename>frame_000244</filename>
    <path></path>
    <source>
        <database>Unknown</database>
    </source>
    <size>
        <width>1920</width>
        <height>1080</height>
        <depth>3</depth>
    </size>
    <segmented>0</segmented>
    <object>
        <name>bramka</name>
        <pose>Unspecified</pose>
        <truncated>0</truncated>
        <difficult>0</difficult>
        <bndbox>
            <xmin>634.8943750000005</xmin>
            <ymin>122.35652343750044</ymin>
            <xmax>1236.1580102539053</xmax>
            <ymax>715.4336596679681</ymax>
        </bndbox>
    </object>
</annotation>
