<annotation>
    <folder></folder>
    <filename>frame_000336</filename>
    <path></path>
    <source>
        <database>Unknown</database>
    </source>
    <size>
        <width>1920</width>
        <height>1080</height>
        <depth>3</depth>
    </size>
    <segmented>0</segmented>
    <object>
        <name>bramka</name>
        <pose>Unspecified</pose>
        <truncated>0</truncated>
        <difficult>0</difficult>
        <bndbox>
            <xmin>780.959765625</xmin>
            <ymin>210.7408203125</ymin>
            <xmax>1406.0807031250001</xmax>
            <ymax>809.1884741210936</ymax>
        </bndbox>
    </object>
</annotation>
