<annotation>
    <folder></folder>
    <filename>frame_000422</filename>
    <path></path>
    <source>
        <database>Unknown</database>
    </source>
    <size>
        <width>1920</width>
        <height>1080</height>
        <depth>3</depth>
    </size>
    <segmented>0</segmented>
    <object>
        <name>bramka</name>
        <pose>Unspecified</pose>
        <truncated>0</truncated>
        <difficult>0</difficult>
        <bndbox>
            <xmin>809.6939843750002</xmin>
            <ymin>244.7888671875</ymin>
            <xmax>1437.015834960937</xmax>
            <ymax>843.80546875</ymax>
        </bndbox>
    </object>
</annotation>
