<annotation>
    <folder></folder>
    <filename>frame_000367</filename>
    <path></path>
    <source>
        <database>Unknown</database>
    </source>
    <size>
        <width>1920</width>
        <height>1080</height>
        <depth>3</depth>
    </size>
    <segmented>0</segmented>
    <object>
        <name>bramka</name>
        <pose>Unspecified</pose>
        <truncated>0</truncated>
        <difficult>0</difficult>
        <bndbox>
            <xmin>865.61611328125</xmin>
            <ymin>268.74833984375</ymin>
            <xmax>1492.93935546875</xmax>
            <ymax>867.79228515625</ymax>
        </bndbox>
    </object>
</annotation>
