<annotation>
    <folder></folder>
    <filename>frame_000481</filename>
    <path></path>
    <source>
        <database>Unknown</database>
    </source>
    <size>
        <width>1920</width>
        <height>1080</height>
        <depth>3</depth>
    </size>
    <segmented>0</segmented>
    <object>
        <name>bramka</name>
        <pose>Unspecified</pose>
        <truncated>0</truncated>
        <difficult>0</difficult>
        <bndbox>
            <xmin>803.99609375</xmin>
            <ymin>236.398828125</ymin>
            <xmax>1475.9646875000003</xmax>
            <ymax>859.4841650390626</ymax>
        </bndbox>
    </object>
</annotation>
