<annotation>
    <folder></folder>
    <filename>frame_000479</filename>
    <path></path>
    <source>
        <database>Unknown</database>
    </source>
    <size>
        <width>1920</width>
        <height>1080</height>
        <depth>3</depth>
    </size>
    <segmented>0</segmented>
    <object>
        <name>bramka</name>
        <pose>Unspecified</pose>
        <truncated>0</truncated>
        <difficult>0</difficult>
        <bndbox>
            <xmin>799.3876953125</xmin>
            <ymin>240.5982421875</ymin>
            <xmax>1466.14703125</xmax>
            <ymax>859.6845605468752</ymax>
        </bndbox>
    </object>
</annotation>
