<annotation>
    <folder></folder>
    <filename>frame_000433</filename>
    <path></path>
    <source>
        <database>Unknown</database>
    </source>
    <size>
        <width>1920</width>
        <height>1080</height>
        <depth>3</depth>
    </size>
    <segmented>0</segmented>
    <object>
        <name>bramka</name>
        <pose>Unspecified</pose>
        <truncated>0</truncated>
        <difficult>0</difficult>
        <bndbox>
            <xmin>812.198828125</xmin>
            <ymin>247.1931640625</ymin>
            <xmax>1439.5206787109369</xmax>
            <ymax>846.209765625</ymax>
        </bndbox>
    </object>
</annotation>
