<annotation>
    <folder></folder>
    <filename>frame_000119</filename>
    <path></path>
    <source>
        <database>Unknown</database>
    </source>
    <size>
        <width>1920</width>
        <height>1080</height>
        <depth>3</depth>
    </size>
    <segmented>0</segmented>
    <object>
        <name>bramka</name>
        <pose>Unspecified</pose>
        <truncated>0</truncated>
        <difficult>0</difficult>
        <bndbox>
            <xmin>779.80126953125</xmin>
            <ymin>176.3056640625</ymin>
            <xmax>1338.3270507812513</xmax>
            <ymax>729.0307067871099</ymax>
        </bndbox>
    </object>
</annotation>
