<annotation>
    <folder></folder>
    <filename>frame_000372</filename>
    <path></path>
    <source>
        <database>Unknown</database>
    </source>
    <size>
        <width>1920</width>
        <height>1080</height>
        <depth>3</depth>
    </size>
    <segmented>0</segmented>
    <object>
        <name>bramka</name>
        <pose>Unspecified</pose>
        <truncated>0</truncated>
        <difficult>0</difficult>
        <bndbox>
            <xmin>865.9166015625</xmin>
            <ymin>267.245703125</ymin>
            <xmax>1493.23984375</xmax>
            <ymax>866.2896484375</ymax>
        </bndbox>
    </object>
</annotation>
