<annotation>
    <folder></folder>
    <filename>frame_000093</filename>
    <path></path>
    <source>
        <database>Unknown</database>
    </source>
    <size>
        <width>1920</width>
        <height>1080</height>
        <depth>3</depth>
    </size>
    <segmented>0</segmented>
    <object>
        <name>bramka</name>
        <pose>Unspecified</pose>
        <truncated>0</truncated>
        <difficult>0</difficult>
        <bndbox>
            <xmin>748.921142578125</xmin>
            <ymin>163.0921142578129</ymin>
            <xmax>1308.6498489379892</xmax>
            <ymax>717.1999359130868</ymax>
        </bndbox>
    </object>
</annotation>
