<annotation>
    <folder></folder>
    <filename>frame_000212</filename>
    <path></path>
    <source>
        <database>Unknown</database>
    </source>
    <size>
        <width>1920</width>
        <height>1080</height>
        <depth>3</depth>
    </size>
    <segmented>0</segmented>
    <object>
        <name>bramka</name>
        <pose>Unspecified</pose>
        <truncated>0</truncated>
        <difficult>0</difficult>
        <bndbox>
            <xmin>684.60703125</xmin>
            <ymin>259.5712890625</ymin>
            <xmax>1280.0386425781246</xmax>
            <ymax>849.2816357421882</ymax>
        </bndbox>
    </object>
</annotation>
