<annotation>
    <folder></folder>
    <filename>frame_000224</filename>
    <path></path>
    <source>
        <database>Unknown</database>
    </source>
    <size>
        <width>1920</width>
        <height>1080</height>
        <depth>3</depth>
    </size>
    <segmented>0</segmented>
    <object>
        <name>bramka</name>
        <pose>Unspecified</pose>
        <truncated>0</truncated>
        <difficult>0</difficult>
        <bndbox>
            <xmin>662.98359375</xmin>
            <ymin>252.98359375</ymin>
            <xmax>1257.1970336914062</xmax>
            <ymax>839.0628784179687</ymax>
        </bndbox>
    </object>
</annotation>
