<annotation>
    <folder></folder>
    <filename>frame_000314</filename>
    <path></path>
    <source>
        <database>Unknown</database>
    </source>
    <size>
        <width>1920</width>
        <height>1080</height>
        <depth>3</depth>
    </size>
    <segmented>0</segmented>
    <object>
        <name>bramka</name>
        <pose>Unspecified</pose>
        <truncated>0</truncated>
        <difficult>0</difficult>
        <bndbox>
            <xmin>673.4947916666666</xmin>
            <ymin>140.32649739583334</ymin>
            <xmax>1287.3952360026044</xmax>
            <ymax>732.0733821614582</ymax>
        </bndbox>
    </object>
</annotation>
