<annotation>
    <folder></folder>
    <filename>frame_000164</filename>
    <path></path>
    <source>
        <database>Unknown</database>
    </source>
    <size>
        <width>1920</width>
        <height>1080</height>
        <depth>3</depth>
    </size>
    <segmented>0</segmented>
    <object>
        <name>bramka</name>
        <pose>Unspecified</pose>
        <truncated>0</truncated>
        <difficult>0</difficult>
        <bndbox>
            <xmin>766.8462890625</xmin>
            <ymin>252.9767968750006</ymin>
            <xmax>1340.640717773437</xmax>
            <ymax>831.3330957031252</ymax>
        </bndbox>
    </object>
</annotation>
