<annotation>
    <folder></folder>
    <filename>frame_000338</filename>
    <path></path>
    <source>
        <database>Unknown</database>
    </source>
    <size>
        <width>1920</width>
        <height>1080</height>
        <depth>3</depth>
    </size>
    <segmented>0</segmented>
    <object>
        <name>bramka</name>
        <pose>Unspecified</pose>
        <truncated>0</truncated>
        <difficult>0</difficult>
        <bndbox>
            <xmin>790.1767578125</xmin>
            <ymin>218.9560546875</ymin>
            <xmax>1417.5</xmax>
            <ymax>818.0</ymax>
        </bndbox>
    </object>
</annotation>
