<annotation>
    <folder></folder>
    <filename>frame_000426</filename>
    <path></path>
    <source>
        <database>Unknown</database>
    </source>
    <size>
        <width>1920</width>
        <height>1080</height>
        <depth>3</depth>
    </size>
    <segmented>0</segmented>
    <object>
        <name>bramka</name>
        <pose>Unspecified</pose>
        <truncated>0</truncated>
        <difficult>0</difficult>
        <bndbox>
            <xmin>808.692333984375</xmin>
            <ymin>246.141455078125</ymin>
            <xmax>1436.0141845703117</xmax>
            <ymax>845.158056640625</ymax>
        </bndbox>
    </object>
</annotation>
