<annotation>
    <folder></folder>
    <filename>frame_000382</filename>
    <path></path>
    <source>
        <database>Unknown</database>
    </source>
    <size>
        <width>1920</width>
        <height>1080</height>
        <depth>3</depth>
    </size>
    <segmented>0</segmented>
    <object>
        <name>bramka</name>
        <pose>Unspecified</pose>
        <truncated>0</truncated>
        <difficult>0</difficult>
        <bndbox>
            <xmin>857.8734654017857</xmin>
            <ymin>257.8734654017857</ymin>
            <xmax>1491.4737165178574</xmax>
            <ymax>855.2120535714286</ymax>
        </bndbox>
    </object>
</annotation>
