<annotation>
    <folder></folder>
    <filename>frame_000401</filename>
    <path></path>
    <source>
        <database>Unknown</database>
    </source>
    <size>
        <width>1920</width>
        <height>1080</height>
        <depth>3</depth>
    </size>
    <segmented>0</segmented>
    <object>
        <name>bramka</name>
        <pose>Unspecified</pose>
        <truncated>0</truncated>
        <difficult>0</difficult>
        <bndbox>
            <xmin>826.644140625</xmin>
            <ymin>248.5958984375</ymin>
            <xmax>1469.9765625000005</xmax>
            <ymax>848.657421875</ymax>
        </bndbox>
    </object>
</annotation>
