<annotation>
    <folder></folder>
    <filename>frame_000443</filename>
    <path></path>
    <source>
        <database>Unknown</database>
    </source>
    <size>
        <width>1920</width>
        <height>1080</height>
        <depth>3</depth>
    </size>
    <segmented>0</segmented>
    <object>
        <name>bramka</name>
        <pose>Unspecified</pose>
        <truncated>0</truncated>
        <difficult>0</difficult>
        <bndbox>
            <xmin>817.20810546875</xmin>
            <ymin>248.69560546875</ymin>
            <xmax>1444.5299560546869</xmax>
            <ymax>847.71220703125</ymax>
        </bndbox>
    </object>
</annotation>
