<annotation>
    <folder></folder>
    <filename>frame_000419</filename>
    <path></path>
    <source>
        <database>Unknown</database>
    </source>
    <size>
        <width>1920</width>
        <height>1080</height>
        <depth>3</depth>
    </size>
    <segmented>0</segmented>
    <object>
        <name>bramka</name>
        <pose>Unspecified</pose>
        <truncated>0</truncated>
        <difficult>0</difficult>
        <bndbox>
            <xmin>811.1965625000005</xmin>
            <ymin>243.5865234375</ymin>
            <xmax>1438.5184130859373</xmax>
            <ymax>842.603125</ymax>
        </bndbox>
    </object>
</annotation>
