<annotation>
    <folder></folder>
    <filename>frame_000229</filename>
    <path></path>
    <source>
        <database>Unknown</database>
    </source>
    <size>
        <width>1920</width>
        <height>1080</height>
        <depth>3</depth>
    </size>
    <segmented>0</segmented>
    <object>
        <name>bramka</name>
        <pose>Unspecified</pose>
        <truncated>0</truncated>
        <difficult>0</difficult>
        <bndbox>
            <xmin>655.0653906250002</xmin>
            <ymin>236.8553906250001</ymin>
            <xmax>1249.9838500976562</xmax>
            <ymax>823.6344604492188</ymax>
        </bndbox>
    </object>
</annotation>
