<annotation>
    <folder></folder>
    <filename>frame_000308</filename>
    <path></path>
    <source>
        <database>Unknown</database>
    </source>
    <size>
        <width>1920</width>
        <height>1080</height>
        <depth>3</depth>
    </size>
    <segmented>0</segmented>
    <object>
        <name>bramka</name>
        <pose>Unspecified</pose>
        <truncated>0</truncated>
        <difficult>0</difficult>
        <bndbox>
            <xmin>660.9375</xmin>
            <ymin>122.7353515625</ymin>
            <xmax>1271.2210327148423</xmax>
            <ymax>718.8400390624993</ymax>
        </bndbox>
    </object>
</annotation>
