<annotation>
    <folder></folder>
    <filename>frame_000085</filename>
    <path></path>
    <source>
        <database>Unknown</database>
    </source>
    <size>
        <width>1920</width>
        <height>1080</height>
        <depth>3</depth>
    </size>
    <segmented>0</segmented>
    <object>
        <name>bramka</name>
        <pose>Unspecified</pose>
        <truncated>0</truncated>
        <difficult>0</difficult>
        <bndbox>
            <xmin>743.50732421875</xmin>
            <ymin>142.27815755208425</ymin>
            <xmax>1302.6789367675783</xmax>
            <ymax>705.4437866210938</ymax>
        </bndbox>
    </object>
</annotation>
