<annotation>
    <folder></folder>
    <filename>frame_000094</filename>
    <path></path>
    <source>
        <database>Unknown</database>
    </source>
    <size>
        <width>1920</width>
        <height>1080</height>
        <depth>3</depth>
    </size>
    <segmented>0</segmented>
    <object>
        <name>bramka</name>
        <pose>Unspecified</pose>
        <truncated>0</truncated>
        <difficult>0</difficult>
        <bndbox>
            <xmin>748.3369140625</xmin>
            <ymin>165.43369140625055</ymin>
            <xmax>1309.399798583985</xmax>
            <ymax>718.799914550782</ymax>
        </bndbox>
    </object>
</annotation>
