<annotation>
    <folder></folder>
    <filename>frame_000210</filename>
    <path></path>
    <source>
        <database>Unknown</database>
    </source>
    <size>
        <width>1920</width>
        <height>1080</height>
        <depth>3</depth>
    </size>
    <segmented>0</segmented>
    <object>
        <name>bramka</name>
        <pose>Unspecified</pose>
        <truncated>0</truncated>
        <difficult>0</difficult>
        <bndbox>
            <xmin>688.809375</xmin>
            <ymin>258.76171875</ymin>
            <xmax>1284.6470434570306</xmax>
            <ymax>849.6824194335946</ymax>
        </bndbox>
    </object>
</annotation>
