<annotation>
    <folder></folder>
    <filename>frame_000455</filename>
    <path></path>
    <source>
        <database>Unknown</database>
    </source>
    <size>
        <width>1920</width>
        <height>1080</height>
        <depth>3</depth>
    </size>
    <segmented>0</segmented>
    <object>
        <name>bramka</name>
        <pose>Unspecified</pose>
        <truncated>0</truncated>
        <difficult>0</difficult>
        <bndbox>
            <xmin>809.205078125</xmin>
            <ymin>249.9990234375</ymin>
            <xmax>1445.5319946289055</xmax>
            <ymax>861.0873046875004</ymax>
        </bndbox>
    </object>
</annotation>
