<annotation>
    <folder></folder>
    <filename>frame_000430</filename>
    <path></path>
    <source>
        <database>Unknown</database>
    </source>
    <size>
        <width>1920</width>
        <height>1080</height>
        <depth>3</depth>
    </size>
    <segmented>0</segmented>
    <object>
        <name>bramka</name>
        <pose>Unspecified</pose>
        <truncated>0</truncated>
        <difficult>0</difficult>
        <bndbox>
            <xmin>810.696044921875</xmin>
            <ymin>246.742431640625</ymin>
            <xmax>1438.0178955078118</xmax>
            <ymax>845.759033203125</ymax>
        </bndbox>
    </object>
</annotation>
