<annotation>
    <folder></folder>
    <filename>frame_000063</filename>
    <path></path>
    <source>
        <database>Unknown</database>
    </source>
    <size>
        <width>1920</width>
        <height>1080</height>
        <depth>3</depth>
    </size>
    <segmented>0</segmented>
    <object>
        <name>bramka</name>
        <pose>Unspecified</pose>
        <truncated>0</truncated>
        <difficult>0</difficult>
        <bndbox>
            <xmin>705.607421875</xmin>
            <ymin>105.43122209821429</ymin>
            <xmax>1263.520703125001</xmax>
            <ymax>669.2501918247768</ymax>
        </bndbox>
    </object>
</annotation>
