<annotation>
    <folder></folder>
    <filename>frame_000457</filename>
    <path></path>
    <source>
        <database>Unknown</database>
    </source>
    <size>
        <width>1920</width>
        <height>1080</height>
        <depth>3</depth>
    </size>
    <segmented>0</segmented>
    <object>
        <name>bramka</name>
        <pose>Unspecified</pose>
        <truncated>0</truncated>
        <difficult>0</difficult>
        <bndbox>
            <xmin>804.1958984375</xmin>
            <ymin>248.5962890625</ymin>
            <xmax>1444.5255957031245</xmax>
            <ymax>859.6845703125003</ymax>
        </bndbox>
    </object>
</annotation>
