<annotation>
    <folder></folder>
    <filename>frame_000392</filename>
    <path></path>
    <source>
        <database>Unknown</database>
    </source>
    <size>
        <width>1920</width>
        <height>1080</height>
        <depth>3</depth>
    </size>
    <segmented>0</segmented>
    <object>
        <name>bramka</name>
        <pose>Unspecified</pose>
        <truncated>0</truncated>
        <difficult>0</difficult>
        <bndbox>
            <xmin>843.17490234375</xmin>
            <ymin>251.9</ymin>
            <xmax>1485.0000000000005</xmax>
            <ymax>850.7609375</ymax>
        </bndbox>
    </object>
</annotation>
