<annotation>
    <folder></folder>
    <filename>frame_000113</filename>
    <path></path>
    <source>
        <database>Unknown</database>
    </source>
    <size>
        <width>1920</width>
        <height>1080</height>
        <depth>3</depth>
    </size>
    <segmented>0</segmented>
    <object>
        <name>bramka</name>
        <pose>Unspecified</pose>
        <truncated>0</truncated>
        <difficult>0</difficult>
        <bndbox>
            <xmin>770.739990234375</xmin>
            <ymin>172.17346191406273</ymin>
            <xmax>1342.9982421875009</xmax>
            <ymax>728.7388595581053</ymax>
        </bndbox>
    </object>
</annotation>
