<annotation>
    <folder></folder>
    <filename>frame_000245</filename>
    <path></path>
    <source>
        <database>Unknown</database>
    </source>
    <size>
        <width>1920</width>
        <height>1080</height>
        <depth>3</depth>
    </size>
    <segmented>0</segmented>
    <object>
        <name>bramka</name>
        <pose>Unspecified</pose>
        <truncated>0</truncated>
        <difficult>0</difficult>
        <bndbox>
            <xmin>634.3934375000005</xmin>
            <ymin>118.44927734375032</ymin>
            <xmax>1235.6570727539051</xmax>
            <ymax>711.5264135742179</ymax>
        </bndbox>
    </object>
</annotation>
