<annotation>
    <folder></folder>
    <filename>frame_000305</filename>
    <path></path>
    <source>
        <database>Unknown</database>
    </source>
    <size>
        <width>1920</width>
        <height>1080</height>
        <depth>3</depth>
    </size>
    <segmented>0</segmented>
    <object>
        <name>bramka</name>
        <pose>Unspecified</pose>
        <truncated>0</truncated>
        <difficult>0</difficult>
        <bndbox>
            <xmin>657.631640625</xmin>
            <ymin>120.93212890625</ymin>
            <xmax>1267.9151733398423</xmax>
            <ymax>717.0368164062493</ymax>
        </bndbox>
    </object>
</annotation>
