<annotation>
    <folder></folder>
    <filename>frame_000370</filename>
    <path></path>
    <source>
        <database>Unknown</database>
    </source>
    <size>
        <width>1920</width>
        <height>1080</height>
        <depth>3</depth>
    </size>
    <segmented>0</segmented>
    <object>
        <name>bramka</name>
        <pose>Unspecified</pose>
        <truncated>0</truncated>
        <difficult>0</difficult>
        <bndbox>
            <xmin>866.1169921875</xmin>
            <ymin>268.6482421875</ymin>
            <xmax>1493.440234375</xmax>
            <ymax>867.6921875</ymax>
        </bndbox>
    </object>
</annotation>
