<annotation>
    <folder></folder>
    <filename>frame_000235</filename>
    <path></path>
    <source>
        <database>Unknown</database>
    </source>
    <size>
        <width>1920</width>
        <height>1080</height>
        <depth>3</depth>
    </size>
    <segmented>0</segmented>
    <object>
        <name>bramka</name>
        <pose>Unspecified</pose>
        <truncated>0</truncated>
        <difficult>0</difficult>
        <bndbox>
            <xmin>643.621796875001</xmin>
            <ymin>176.15179687500074</ymin>
            <xmax>1242.7703735351563</xmax>
            <ymax>767.1295776367188</ymax>
        </bndbox>
    </object>
</annotation>
