<annotation>
    <folder></folder>
    <filename>frame_000185</filename>
    <path></path>
    <source>
        <database>Unknown</database>
    </source>
    <size>
        <width>1920</width>
        <height>1080</height>
        <depth>3</depth>
    </size>
    <segmented>0</segmented>
    <object>
        <name>bramka</name>
        <pose>Unspecified</pose>
        <truncated>0</truncated>
        <difficult>0</difficult>
        <bndbox>
            <xmin>744.9705078125</xmin>
            <ymin>283.74755859375</ymin>
            <xmax>1324.7568481445298</xmax>
            <ymax>873.62744140625</ymax>
        </bndbox>
    </object>
</annotation>
