<annotation>
    <folder></folder>
    <filename>frame_000322</filename>
    <path></path>
    <source>
        <database>Unknown</database>
    </source>
    <size>
        <width>1920</width>
        <height>1080</height>
        <depth>3</depth>
    </size>
    <segmented>0</segmented>
    <object>
        <name>bramka</name>
        <pose>Unspecified</pose>
        <truncated>0</truncated>
        <difficult>0</difficult>
        <bndbox>
            <xmin>711.0306919642857</xmin>
            <ymin>163.45326450892858</ymin>
            <xmax>1327.3424107142869</xmax>
            <ymax>745.7060529436383</ymax>
        </bndbox>
    </object>
</annotation>
