<annotation>
    <folder></folder>
    <filename>frame_000151</filename>
    <path></path>
    <source>
        <database>Unknown</database>
    </source>
    <size>
        <width>1920</width>
        <height>1080</height>
        <depth>3</depth>
    </size>
    <segmented>0</segmented>
    <object>
        <name>bramka</name>
        <pose>Unspecified</pose>
        <truncated>0</truncated>
        <difficult>0</difficult>
        <bndbox>
            <xmin>780.096406250001</xmin>
            <ymin>247.24333984375045</ymin>
            <xmax>1348.6071655273438</xmax>
            <ymax>817.5214916992197</ymax>
        </bndbox>
    </object>
</annotation>
