<annotation>
    <folder></folder>
    <filename>frame_000410</filename>
    <path></path>
    <source>
        <database>Unknown</database>
    </source>
    <size>
        <width>1920</width>
        <height>1080</height>
        <depth>3</depth>
    </size>
    <segmented>0</segmented>
    <object>
        <name>bramka</name>
        <pose>Unspecified</pose>
        <truncated>0</truncated>
        <difficult>0</difficult>
        <bndbox>
            <xmin>815.7142578125004</xmin>
            <ymin>244.48828125</ymin>
            <xmax>1451.041394042969</xmax>
            <ymax>844.02734375</ymax>
        </bndbox>
    </object>
</annotation>
