<annotation>
    <folder></folder>
    <filename>frame_000202</filename>
    <path></path>
    <source>
        <database>Unknown</database>
    </source>
    <size>
        <width>1920</width>
        <height>1080</height>
        <depth>3</depth>
    </size>
    <segmented>0</segmented>
    <object>
        <name>bramka</name>
        <pose>Unspecified</pose>
        <truncated>0</truncated>
        <difficult>0</difficult>
        <bndbox>
            <xmin>711.0451171875</xmin>
            <ymin>272.3791015625</ymin>
            <xmax>1307.2888427734367</xmax>
            <ymax>864.510156250001</ymax>
        </bndbox>
    </object>
</annotation>
