<annotation>
    <folder></folder>
    <filename>frame_000482</filename>
    <path></path>
    <source>
        <database>Unknown</database>
    </source>
    <size>
        <width>1920</width>
        <height>1080</height>
        <depth>3</depth>
    </size>
    <segmented>0</segmented>
    <object>
        <name>bramka</name>
        <pose>Unspecified</pose>
        <truncated>0</truncated>
        <difficult>0</difficult>
        <bndbox>
            <xmin>806.30029296875</xmin>
            <ymin>234.29912109375</ymin>
            <xmax>1480.8735156250002</xmax>
            <ymax>859.3839672851564</ymax>
        </bndbox>
    </object>
</annotation>
