<annotation>
    <folder></folder>
    <filename>frame_000105</filename>
    <path></path>
    <source>
        <database>Unknown</database>
    </source>
    <size>
        <width>1920</width>
        <height>1080</height>
        <depth>3</depth>
    </size>
    <segmented>0</segmented>
    <object>
        <name>bramka</name>
        <pose>Unspecified</pose>
        <truncated>0</truncated>
        <difficult>0</difficult>
        <bndbox>
            <xmin>759.2432617187505</xmin>
            <ymin>176.85000000000014</ymin>
            <xmax>1323.9625091552734</xmax>
            <ymax>728.9347686767578</ymax>
        </bndbox>
    </object>
</annotation>
