<annotation>
    <folder></folder>
    <filename>frame_000135</filename>
    <path></path>
    <source>
        <database>Unknown</database>
    </source>
    <size>
        <width>1920</width>
        <height>1080</height>
        <depth>3</depth>
    </size>
    <segmented>0</segmented>
    <object>
        <name>bramka</name>
        <pose>Unspecified</pose>
        <truncated>0</truncated>
        <difficult>0</difficult>
        <bndbox>
            <xmin>786.8974609375</xmin>
            <ymin>228.94189453125</ymin>
            <xmax>1360.1900390625015</xmax>
            <ymax>783.3776611328121</ymax>
        </bndbox>
    </object>
</annotation>
