<annotation>
    <folder></folder>
    <filename>frame_000076</filename>
    <path></path>
    <source>
        <database>Unknown</database>
    </source>
    <size>
        <width>1920</width>
        <height>1080</height>
        <depth>3</depth>
    </size>
    <segmented>0</segmented>
    <object>
        <name>bramka</name>
        <pose>Unspecified</pose>
        <truncated>0</truncated>
        <difficult>0</difficult>
        <bndbox>
            <xmin>735.4802734375</xmin>
            <ymin>126.1091796875</ymin>
            <xmax>1293.3935546875011</xmax>
            <ymax>689.9281494140625</ymax>
        </bndbox>
    </object>
</annotation>
