<annotation>
    <folder></folder>
    <filename>frame_000254</filename>
    <path></path>
    <source>
        <database>Unknown</database>
    </source>
    <size>
        <width>1920</width>
        <height>1080</height>
        <depth>3</depth>
    </size>
    <segmented>0</segmented>
    <object>
        <name>bramka</name>
        <pose>Unspecified</pose>
        <truncated>0</truncated>
        <difficult>0</difficult>
        <bndbox>
            <xmin>640.10234375</xmin>
            <ymin>105.5123046875</ymin>
            <xmax>1246.7779174804673</xmax>
            <ymax>700.4059716796867</ymax>
        </bndbox>
    </object>
</annotation>
