<annotation>
    <folder></folder>
    <filename>frame_000257</filename>
    <path></path>
    <source>
        <database>Unknown</database>
    </source>
    <size>
        <width>1920</width>
        <height>1080</height>
        <depth>3</depth>
    </size>
    <segmented>0</segmented>
    <object>
        <name>bramka</name>
        <pose>Unspecified</pose>
        <truncated>0</truncated>
        <difficult>0</difficult>
        <bndbox>
            <xmin>643.708203125</xmin>
            <ymin>104.9046875</ymin>
            <xmax>1253.0897460937485</xmax>
            <ymax>700.7066198730461</ymax>
        </bndbox>
    </object>
</annotation>
