<annotation>
    <folder></folder>
    <filename>frame_000274</filename>
    <path></path>
    <source>
        <database>Unknown</database>
    </source>
    <size>
        <width>1920</width>
        <height>1080</height>
        <depth>3</depth>
    </size>
    <segmented>0</segmented>
    <object>
        <name>bramka</name>
        <pose>Unspecified</pose>
        <truncated>0</truncated>
        <difficult>0</difficult>
        <bndbox>
            <xmin>639.4990234375</xmin>
            <ymin>114.920703125</ymin>
            <xmax>1249.7825561523423</xmax>
            <ymax>711.0253906249993</ymax>
        </bndbox>
    </object>
</annotation>
