<annotation>
    <folder></folder>
    <filename>frame_000451</filename>
    <path></path>
    <source>
        <database>Unknown</database>
    </source>
    <size>
        <width>1920</width>
        <height>1080</height>
        <depth>3</depth>
    </size>
    <segmented>0</segmented>
    <object>
        <name>bramka</name>
        <pose>Unspecified</pose>
        <truncated>0</truncated>
        <difficult>0</difficult>
        <bndbox>
            <xmin>812.80703125</xmin>
            <ymin>249.5978515625</ymin>
            <xmax>1445.531921386718</xmax>
            <ymax>855.8574609375003</ymax>
        </bndbox>
    </object>
</annotation>
