<annotation>
    <folder></folder>
    <filename>frame_000218</filename>
    <path></path>
    <source>
        <database>Unknown</database>
    </source>
    <size>
        <width>1920</width>
        <height>1080</height>
        <depth>3</depth>
    </size>
    <segmented>0</segmented>
    <object>
        <name>bramka</name>
        <pose>Unspecified</pose>
        <truncated>0</truncated>
        <difficult>0</difficult>
        <bndbox>
            <xmin>672.0</xmin>
            <ymin>262.0</ymin>
            <xmax>1266.2134399414062</xmax>
            <ymax>848.0792846679688</ymax>
        </bndbox>
    </object>
</annotation>
