<annotation>
    <folder></folder>
    <filename>frame_000476</filename>
    <path></path>
    <source>
        <database>Unknown</database>
    </source>
    <size>
        <width>1920</width>
        <height>1080</height>
        <depth>3</depth>
    </size>
    <segmented>0</segmented>
    <object>
        <name>bramka</name>
        <pose>Unspecified</pose>
        <truncated>0</truncated>
        <difficult>0</difficult>
        <bndbox>
            <xmin>792.47509765625</xmin>
            <ymin>246.89736328125</ymin>
            <xmax>1451.4205468750001</xmax>
            <ymax>859.9851538085941</ymax>
        </bndbox>
    </object>
</annotation>
