<annotation>
    <folder></folder>
    <filename>frame_000064</filename>
    <path></path>
    <source>
        <database>Unknown</database>
    </source>
    <size>
        <width>1920</width>
        <height>1080</height>
        <depth>3</depth>
    </size>
    <segmented>0</segmented>
    <object>
        <name>bramka</name>
        <pose>Unspecified</pose>
        <truncated>0</truncated>
        <difficult>0</difficult>
        <bndbox>
            <xmin>707.34765625</xmin>
            <ymin>106.74162946428571</ymin>
            <xmax>1265.260937500001</xmax>
            <ymax>670.5605991908482</ymax>
        </bndbox>
    </object>
</annotation>
