<annotation>
    <folder></folder>
    <filename>frame_000499</filename>
    <path></path>
    <source>
        <database>Unknown</database>
    </source>
    <size>
        <width>1920</width>
        <height>1080</height>
        <depth>3</depth>
    </size>
    <segmented>0</segmented>
    <object>
        <name>bramka</name>
        <pose>Unspecified</pose>
        <truncated>0</truncated>
        <difficult>0</difficult>
        <bndbox>
            <xmin>798.9921484375005</xmin>
            <ymin>206.05947265625</ymin>
            <xmax>1487.3921240234372</xmax>
            <ymax>830.09267578125</ymax>
        </bndbox>
    </object>
</annotation>
