<annotation>
    <folder></folder>
    <filename>frame_000267</filename>
    <path></path>
    <source>
        <database>Unknown</database>
    </source>
    <size>
        <width>1920</width>
        <height>1080</height>
        <depth>3</depth>
    </size>
    <segmented>0</segmented>
    <object>
        <name>bramka</name>
        <pose>Unspecified</pose>
        <truncated>0</truncated>
        <difficult>0</difficult>
        <bndbox>
            <xmin>639.499609375</xmin>
            <ymin>118.2267578125</ymin>
            <xmax>1249.7831420898424</xmax>
            <ymax>714.3314453124992</ymax>
        </bndbox>
    </object>
</annotation>
