<annotation>
    <folder></folder>
    <filename>frame_000494</filename>
    <path></path>
    <source>
        <database>Unknown</database>
    </source>
    <size>
        <width>1920</width>
        <height>1080</height>
        <depth>3</depth>
    </size>
    <segmented>0</segmented>
    <object>
        <name>bramka</name>
        <pose>Unspecified</pose>
        <truncated>0</truncated>
        <difficult>0</difficult>
        <bndbox>
            <xmin>805.0205255681824</xmin>
            <ymin>213.24556107954547</ymin>
            <xmax>1492.3272527521308</xmax>
            <ymax>838.5606134588069</ymax>
        </bndbox>
    </object>
</annotation>
