<annotation>
    <folder></folder>
    <filename>frame_000486</filename>
    <path></path>
    <source>
        <database>Unknown</database>
    </source>
    <size>
        <width>1920</width>
        <height>1080</height>
        <depth>3</depth>
    </size>
    <segmented>0</segmented>
    <object>
        <name>bramka</name>
        <pose>Unspecified</pose>
        <truncated>0</truncated>
        <difficult>0</difficult>
        <bndbox>
            <xmin>812.3026278409092</xmin>
            <ymin>226.36061789772728</ymin>
            <xmax>1495.2363614169037</xmax>
            <ymax>856.8030672940341</ymax>
        </bndbox>
    </object>
</annotation>
