<annotation>
    <folder></folder>
    <filename>frame_000213</filename>
    <path></path>
    <source>
        <database>Unknown</database>
    </source>
    <size>
        <width>1920</width>
        <height>1080</height>
        <depth>3</depth>
    </size>
    <segmented>0</segmented>
    <object>
        <name>bramka</name>
        <pose>Unspecified</pose>
        <truncated>0</truncated>
        <difficult>0</difficult>
        <bndbox>
            <xmin>682.505859375</xmin>
            <ymin>259.97607421875</ymin>
            <xmax>1277.7344421386715</xmax>
            <ymax>849.0812438964849</ymax>
        </bndbox>
    </object>
</annotation>
