<annotation>
    <folder></folder>
    <filename>frame_000304</filename>
    <path></path>
    <source>
        <database>Unknown</database>
    </source>
    <size>
        <width>1920</width>
        <height>1080</height>
        <depth>3</depth>
    </size>
    <segmented>0</segmented>
    <object>
        <name>bramka</name>
        <pose>Unspecified</pose>
        <truncated>0</truncated>
        <difficult>0</difficult>
        <bndbox>
            <xmin>656.5296875</xmin>
            <ymin>120.3310546875</ymin>
            <xmax>1266.8132202148422</xmax>
            <ymax>716.4357421874993</ymax>
        </bndbox>
    </object>
</annotation>
