<annotation>
    <folder></folder>
    <filename>frame_000188</filename>
    <path></path>
    <source>
        <database>Unknown</database>
    </source>
    <size>
        <width>1920</width>
        <height>1080</height>
        <depth>3</depth>
    </size>
    <segmented>0</segmented>
    <object>
        <name>bramka</name>
        <pose>Unspecified</pose>
        <truncated>0</truncated>
        <difficult>0</difficult>
        <bndbox>
            <xmin>745.53125</xmin>
            <ymin>289.0751953125</ymin>
            <xmax>1325.3175903320298</xmax>
            <ymax>878.955078125</ymax>
        </bndbox>
    </object>
</annotation>
