<annotation>
    <folder></folder>
    <filename>frame_000435</filename>
    <path></path>
    <source>
        <database>Unknown</database>
    </source>
    <size>
        <width>1920</width>
        <height>1080</height>
        <depth>3</depth>
    </size>
    <segmented>0</segmented>
    <object>
        <name>bramka</name>
        <pose>Unspecified</pose>
        <truncated>0</truncated>
        <difficult>0</difficult>
        <bndbox>
            <xmin>813.20068359375</xmin>
            <ymin>247.49365234375</ymin>
            <xmax>1440.5225341796868</xmax>
            <ymax>846.51025390625</ymax>
        </bndbox>
    </object>
</annotation>
