<annotation>
    <folder></folder>
    <filename>frame_000437</filename>
    <path></path>
    <source>
        <database>Unknown</database>
    </source>
    <size>
        <width>1920</width>
        <height>1080</height>
        <depth>3</depth>
    </size>
    <segmented>0</segmented>
    <object>
        <name>bramka</name>
        <pose>Unspecified</pose>
        <truncated>0</truncated>
        <difficult>0</difficult>
        <bndbox>
            <xmin>814.2025390625</xmin>
            <ymin>247.794140625</ymin>
            <xmax>1441.5243896484367</xmax>
            <ymax>846.8107421875</ymax>
        </bndbox>
    </object>
</annotation>
