<annotation>
    <folder></folder>
    <filename>frame_000126</filename>
    <path></path>
    <source>
        <database>Unknown</database>
    </source>
    <size>
        <width>1920</width>
        <height>1080</height>
        <depth>3</depth>
    </size>
    <segmented>0</segmented>
    <object>
        <name>bramka</name>
        <pose>Unspecified</pose>
        <truncated>0</truncated>
        <difficult>0</difficult>
        <bndbox>
            <xmin>781.3429129464286</xmin>
            <ymin>198.26143973214286</ymin>
            <xmax>1351.6100446428577</xmax>
            <ymax>752.136336844308</ymax>
        </bndbox>
    </object>
</annotation>
