<annotation>
    <folder></folder>
    <filename>frame_000039</filename>
    <path></path>
    <source>
        <database>Unknown</database>
    </source>
    <size>
        <width>1920</width>
        <height>1080</height>
        <depth>3</depth>
    </size>
    <segmented>0</segmented>
    <object>
        <name>bramka</name>
        <pose>Unspecified</pose>
        <truncated>0</truncated>
        <difficult>0</difficult>
        <bndbox>
            <xmin>640.3834635416666</xmin>
            <ymin>95.59092881944444</ymin>
            <xmax>1198.2361355251749</xmax>
            <ymax>664.3419949001735</ymax>
        </bndbox>
    </object>
</annotation>
