<annotation>
    <folder></folder>
    <filename>frame_000488</filename>
    <path></path>
    <source>
        <database>Unknown</database>
    </source>
    <size>
        <width>1920</width>
        <height>1080</height>
        <depth>3</depth>
    </size>
    <segmented>0</segmented>
    <object>
        <name>bramka</name>
        <pose>Unspecified</pose>
        <truncated>0</truncated>
        <difficult>0</difficult>
        <bndbox>
            <xmin>810.4821022727275</xmin>
            <ymin>223.0818536931818</ymin>
            <xmax>1494.5090842507104</xmax>
            <ymax>852.2424538352273</ymax>
        </bndbox>
    </object>
</annotation>
