<annotation>
    <folder></folder>
    <filename>frame_000487</filename>
    <path></path>
    <source>
        <database>Unknown</database>
    </source>
    <size>
        <width>1920</width>
        <height>1080</height>
        <depth>3</depth>
    </size>
    <segmented>0</segmented>
    <object>
        <name>bramka</name>
        <pose>Unspecified</pose>
        <truncated>0</truncated>
        <difficult>0</difficult>
        <bndbox>
            <xmin>811.3923650568183</xmin>
            <ymin>224.72123579545453</ymin>
            <xmax>1494.872722833807</xmax>
            <ymax>854.5227605646306</ymax>
        </bndbox>
    </object>
</annotation>
