<annotation>
    <folder></folder>
    <filename>frame_000186</filename>
    <path></path>
    <source>
        <database>Unknown</database>
    </source>
    <size>
        <width>1920</width>
        <height>1080</height>
        <depth>3</depth>
    </size>
    <segmented>0</segmented>
    <object>
        <name>bramka</name>
        <pose>Unspecified</pose>
        <truncated>0</truncated>
        <difficult>0</difficult>
        <bndbox>
            <xmin>745.157421875</xmin>
            <ymin>285.5234375</ymin>
            <xmax>1324.9437622070297</xmax>
            <ymax>875.4033203125</ymax>
        </bndbox>
    </object>
</annotation>
