<annotation>
    <folder></folder>
    <filename>frame_000252</filename>
    <path></path>
    <source>
        <database>Unknown</database>
    </source>
    <size>
        <width>1920</width>
        <height>1080</height>
        <depth>3</depth>
    </size>
    <segmented>0</segmented>
    <object>
        <name>bramka</name>
        <pose>Unspecified</pose>
        <truncated>0</truncated>
        <difficult>0</difficult>
        <bndbox>
            <xmin>637.6984375</xmin>
            <ymin>105.9173828125</ymin>
            <xmax>1242.5700317382798</xmax>
            <ymax>700.2055395507803</ymax>
        </bndbox>
    </object>
</annotation>
