<annotation>
    <folder></folder>
    <filename>frame_000109</filename>
    <path></path>
    <source>
        <database>Unknown</database>
    </source>
    <size>
        <width>1920</width>
        <height>1080</height>
        <depth>3</depth>
    </size>
    <segmented>0</segmented>
    <object>
        <name>bramka</name>
        <pose>Unspecified</pose>
        <truncated>0</truncated>
        <difficult>0</difficult>
        <bndbox>
            <xmin>765.517578125</xmin>
            <ymin>176.05000000000018</ymin>
            <xmax>1336.3500000000004</xmax>
            <ymax>729.3623657226562</ymax>
        </bndbox>
    </object>
</annotation>
