<annotation>
    <folder></folder>
    <filename>frame_000231</filename>
    <path></path>
    <source>
        <database>Unknown</database>
    </source>
    <size>
        <width>1920</width>
        <height>1080</height>
        <depth>3</depth>
    </size>
    <segmented>0</segmented>
    <object>
        <name>bramka</name>
        <pose>Unspecified</pose>
        <truncated>0</truncated>
        <difficult>0</difficult>
        <bndbox>
            <xmin>651.2508593750005</xmin>
            <ymin>216.62085937500032</ymin>
            <xmax>1247.5793579101562</xmax>
            <ymax>804.7994995117188</ymax>
        </bndbox>
    </object>
</annotation>
