<annotation>
    <folder></folder>
    <filename>frame_000012</filename>
    <path></path>
    <source>
        <database>Unknown</database>
    </source>
    <size>
        <width>1920</width>
        <height>1080</height>
        <depth>3</depth>
    </size>
    <segmented>0</segmented>
    <object>
        <name>bramka</name>
        <pose>Unspecified</pose>
        <truncated>0</truncated>
        <difficult>0</difficult>
        <bndbox>
            <xmin>616.943359375</xmin>
            <ymin>125.3095703125</ymin>
            <xmax>1158.3101562500015</xmax>
            <ymax>682.6941406250007</ymax>
        </bndbox>
    </object>
</annotation>
