<annotation>
    <folder></folder>
    <filename>frame_000477</filename>
    <path></path>
    <source>
        <database>Unknown</database>
    </source>
    <size>
        <width>1920</width>
        <height>1080</height>
        <depth>3</depth>
    </size>
    <segmented>0</segmented>
    <object>
        <name>bramka</name>
        <pose>Unspecified</pose>
        <truncated>0</truncated>
        <difficult>0</difficult>
        <bndbox>
            <xmin>794.779296875</xmin>
            <ymin>244.79765625</ymin>
            <xmax>1456.329375</xmax>
            <ymax>859.8849560546878</ymax>
        </bndbox>
    </object>
</annotation>
