<annotation>
    <folder></folder>
    <filename>frame_000241</filename>
    <path></path>
    <source>
        <database>Unknown</database>
    </source>
    <size>
        <width>1920</width>
        <height>1080</height>
        <depth>3</depth>
    </size>
    <segmented>0</segmented>
    <object>
        <name>bramka</name>
        <pose>Unspecified</pose>
        <truncated>0</truncated>
        <difficult>0</difficult>
        <bndbox>
            <xmin>636.397187500001</xmin>
            <ymin>134.07826171875075</ymin>
            <xmax>1237.660822753906</xmax>
            <ymax>727.1553979492185</ymax>
        </bndbox>
    </object>
</annotation>
