<annotation>
    <folder></folder>
    <filename>frame_000025</filename>
    <path></path>
    <source>
        <database>Unknown</database>
    </source>
    <size>
        <width>1920</width>
        <height>1080</height>
        <depth>3</depth>
    </size>
    <segmented>0</segmented>
    <object>
        <name>bramka</name>
        <pose>Unspecified</pose>
        <truncated>0</truncated>
        <difficult>0</difficult>
        <bndbox>
            <xmin>624.443359375</xmin>
            <ymin>106.9833984375</ymin>
            <xmax>1177.0248046875004</xmax>
            <ymax>673.5008300781246</ymax>
        </bndbox>
    </object>
</annotation>
