<annotation>
    <folder></folder>
    <filename>frame_000406</filename>
    <path></path>
    <source>
        <database>Unknown</database>
    </source>
    <size>
        <width>1920</width>
        <height>1080</height>
        <depth>3</depth>
    </size>
    <segmented>0</segmented>
    <object>
        <name>bramka</name>
        <pose>Unspecified</pose>
        <truncated>0</truncated>
        <difficult>0</difficult>
        <bndbox>
            <xmin>817.7256640625001</xmin>
            <ymin>246.4921875</ymin>
            <xmax>1459.457028808594</xmax>
            <ymax>846.44921875</ymax>
        </bndbox>
    </object>
</annotation>
