<annotation>
    <folder></folder>
    <filename>frame_000192</filename>
    <path></path>
    <source>
        <database>Unknown</database>
    </source>
    <size>
        <width>1920</width>
        <height>1080</height>
        <depth>3</depth>
    </size>
    <segmented>0</segmented>
    <object>
        <name>bramka</name>
        <pose>Unspecified</pose>
        <truncated>0</truncated>
        <difficult>0</difficult>
        <bndbox>
            <xmin>736.545703125</xmin>
            <ymin>286.2439453125</ymin>
            <xmax>1322.9149975585926</xmax>
            <ymax>877.0242968750005</ymax>
        </bndbox>
    </object>
</annotation>
