<annotation>
    <folder></folder>
    <filename>frame_000103</filename>
    <path></path>
    <source>
        <database>Unknown</database>
    </source>
    <size>
        <width>1920</width>
        <height>1080</height>
        <depth>3</depth>
    </size>
    <segmented>0</segmented>
    <object>
        <name>bramka</name>
        <pose>Unspecified</pose>
        <truncated>0</truncated>
        <difficult>0</difficult>
        <bndbox>
            <xmin>756.1059570312509</xmin>
            <ymin>175.75000000000023</ymin>
            <xmax>1319.937515258789</xmax>
            <ymax>728.7208709716797</ymax>
        </bndbox>
    </object>
</annotation>
