<annotation>
    <folder></folder>
    <filename>frame_000490</filename>
    <path></path>
    <source>
        <database>Unknown</database>
    </source>
    <size>
        <width>1920</width>
        <height>1080</height>
        <depth>3</depth>
    </size>
    <segmented>0</segmented>
    <object>
        <name>bramka</name>
        <pose>Unspecified</pose>
        <truncated>0</truncated>
        <difficult>0</difficult>
        <bndbox>
            <xmin>808.6615767045458</xmin>
            <ymin>219.80308948863637</ymin>
            <xmax>1493.7818070845171</xmax>
            <ymax>847.6818403764205</ymax>
        </bndbox>
    </object>
</annotation>
