<annotation>
    <folder></folder>
    <filename>frame_000302</filename>
    <path></path>
    <source>
        <database>Unknown</database>
    </source>
    <size>
        <width>1920</width>
        <height>1080</height>
        <depth>3</depth>
    </size>
    <segmented>0</segmented>
    <object>
        <name>bramka</name>
        <pose>Unspecified</pose>
        <truncated>0</truncated>
        <difficult>0</difficult>
        <bndbox>
            <xmin>654.32578125</xmin>
            <ymin>119.12890625</ymin>
            <xmax>1264.6093139648424</xmax>
            <ymax>715.2335937499993</ymax>
        </bndbox>
    </object>
</annotation>
