<annotation>
    <folder></folder>
    <filename>frame_000001</filename>
    <path></path>
    <source>
        <database>Unknown</database>
    </source>
    <size>
        <width>1920</width>
        <height>1080</height>
        <depth>3</depth>
    </size>
    <segmented>0</segmented>
    <object>
        <name>bramka</name>
        <pose>Unspecified</pose>
        <truncated>0</truncated>
        <difficult>0</difficult>
        <bndbox>
            <xmin>590.34619140625</xmin>
            <ymin>138.93603515625</ymin>
            <xmax>1146.1738195800783</xmax>
            <ymax>700.7028430175782</ymax>
        </bndbox>
    </object>
</annotation>
