<annotation>
    <folder></folder>
    <filename>frame_000330</filename>
    <path></path>
    <source>
        <database>Unknown</database>
    </source>
    <size>
        <width>1920</width>
        <height>1080</height>
        <depth>3</depth>
    </size>
    <segmented>0</segmented>
    <object>
        <name>bramka</name>
        <pose>Unspecified</pose>
        <truncated>0</truncated>
        <difficult>0</difficult>
        <bndbox>
            <xmin>753.3087890625</xmin>
            <ymin>186.0951171875</ymin>
            <xmax>1371.822812500001</xmax>
            <ymax>782.7538964843741</ymax>
        </bndbox>
    </object>
</annotation>
