<annotation>
    <folder></folder>
    <filename>frame_000341</filename>
    <path></path>
    <source>
        <database>Unknown</database>
    </source>
    <size>
        <width>1920</width>
        <height>1080</height>
        <depth>3</depth>
    </size>
    <segmented>0</segmented>
    <object>
        <name>bramka</name>
        <pose>Unspecified</pose>
        <truncated>0</truncated>
        <difficult>0</difficult>
        <bndbox>
            <xmin>805.20458984375</xmin>
            <ymin>228.60195312500127</ymin>
            <xmax>1437.7615966796875</xmax>
            <ymax>827.6180419921875</ymax>
        </bndbox>
    </object>
</annotation>
