<annotation>
    <folder></folder>
    <filename>frame_000180</filename>
    <path></path>
    <source>
        <database>Unknown</database>
    </source>
    <size>
        <width>1920</width>
        <height>1080</height>
        <depth>3</depth>
    </size>
    <segmented>0</segmented>
    <object>
        <name>bramka</name>
        <pose>Unspecified</pose>
        <truncated>0</truncated>
        <difficult>0</difficult>
        <bndbox>
            <xmin>744.0359375</xmin>
            <ymin>274.8681640625</ymin>
            <xmax>1323.8222778320298</xmax>
            <ymax>864.748046875</ymax>
        </bndbox>
    </object>
</annotation>
