<annotation>
    <folder></folder>
    <filename>frame_000270</filename>
    <path></path>
    <source>
        <database>Unknown</database>
    </source>
    <size>
        <width>1920</width>
        <height>1080</height>
        <depth>3</depth>
    </size>
    <segmented>0</segmented>
    <object>
        <name>bramka</name>
        <pose>Unspecified</pose>
        <truncated>0</truncated>
        <difficult>0</difficult>
        <bndbox>
            <xmin>639.0986328125</xmin>
            <ymin>118.1265625</ymin>
            <xmax>1249.3821655273423</xmax>
            <ymax>714.2312499999992</ymax>
        </bndbox>
    </object>
</annotation>
