<annotation>
    <folder></folder>
    <filename>frame_000246</filename>
    <path></path>
    <source>
        <database>Unknown</database>
    </source>
    <size>
        <width>1920</width>
        <height>1080</height>
        <depth>3</depth>
    </size>
    <segmented>0</segmented>
    <object>
        <name>bramka</name>
        <pose>Unspecified</pose>
        <truncated>0</truncated>
        <difficult>0</difficult>
        <bndbox>
            <xmin>633.8925000000003</xmin>
            <ymin>114.54203125000022</ymin>
            <xmax>1235.1561352539052</xmax>
            <ymax>707.6191674804679</ymax>
        </bndbox>
    </object>
</annotation>
