<annotation>
    <folder></folder>
    <filename>frame_000101</filename>
    <path></path>
    <source>
        <database>Unknown</database>
    </source>
    <size>
        <width>1920</width>
        <height>1080</height>
        <depth>3</depth>
    </size>
    <segmented>0</segmented>
    <object>
        <name>bramka</name>
        <pose>Unspecified</pose>
        <truncated>0</truncated>
        <difficult>0</difficult>
        <bndbox>
            <xmin>752.9686523437513</xmin>
            <ymin>174.65000000000032</ymin>
            <xmax>1315.9125213623047</xmax>
            <ymax>728.5069732666016</ymax>
        </bndbox>
    </object>
</annotation>
