<annotation>
    <folder></folder>
    <filename>frame_000383</filename>
    <path></path>
    <source>
        <database>Unknown</database>
    </source>
    <size>
        <width>1920</width>
        <height>1080</height>
        <depth>3</depth>
    </size>
    <segmented>0</segmented>
    <object>
        <name>bramka</name>
        <pose>Unspecified</pose>
        <truncated>0</truncated>
        <difficult>0</difficult>
        <bndbox>
            <xmin>856.0129743303571</xmin>
            <ymin>256.58231026785717</ymin>
            <xmax>1491.1824776785718</xmax>
            <ymax>853.4945591517857</ymax>
        </bndbox>
    </object>
</annotation>
