<annotation>
    <folder></folder>
    <filename>frame_000182</filename>
    <path></path>
    <source>
        <database>Unknown</database>
    </source>
    <size>
        <width>1920</width>
        <height>1080</height>
        <depth>3</depth>
    </size>
    <segmented>0</segmented>
    <object>
        <name>bramka</name>
        <pose>Unspecified</pose>
        <truncated>0</truncated>
        <difficult>0</difficult>
        <bndbox>
            <xmin>744.409765625</xmin>
            <ymin>278.419921875</ymin>
            <xmax>1324.1961059570299</xmax>
            <ymax>868.2998046875</ymax>
        </bndbox>
    </object>
</annotation>
