<annotation>
    <folder></folder>
    <filename>frame_000442</filename>
    <path></path>
    <source>
        <database>Unknown</database>
    </source>
    <size>
        <width>1920</width>
        <height>1080</height>
        <depth>3</depth>
    </size>
    <segmented>0</segmented>
    <object>
        <name>bramka</name>
        <pose>Unspecified</pose>
        <truncated>0</truncated>
        <difficult>0</difficult>
        <bndbox>
            <xmin>816.707177734375</xmin>
            <ymin>248.545361328125</ymin>
            <xmax>1444.0290283203117</xmax>
            <ymax>847.561962890625</ymax>
        </bndbox>
    </object>
</annotation>
