<annotation>
    <folder></folder>
    <filename>frame_000102</filename>
    <path></path>
    <source>
        <database>Unknown</database>
    </source>
    <size>
        <width>1920</width>
        <height>1080</height>
        <depth>3</depth>
    </size>
    <segmented>0</segmented>
    <object>
        <name>bramka</name>
        <pose>Unspecified</pose>
        <truncated>0</truncated>
        <difficult>0</difficult>
        <bndbox>
            <xmin>754.5373046875011</xmin>
            <ymin>175.20000000000027</ymin>
            <xmax>1317.9250183105469</xmax>
            <ymax>728.6139221191406</ymax>
        </bndbox>
    </object>
</annotation>
