<annotation>
    <folder></folder>
    <filename>frame_000360</filename>
    <path></path>
    <source>
        <database>Unknown</database>
    </source>
    <size>
        <width>1920</width>
        <height>1080</height>
        <depth>3</depth>
    </size>
    <segmented>0</segmented>
    <object>
        <name>bramka</name>
        <pose>Unspecified</pose>
        <truncated>0</truncated>
        <difficult>0</difficult>
        <bndbox>
            <xmin>860.7072265625</xmin>
            <ymin>259.63125</ymin>
            <xmax>1488.03046875</xmax>
            <ymax>858.6751953125</ymax>
        </bndbox>
    </object>
</annotation>
