<annotation>
    <folder></folder>
    <filename>frame_000412</filename>
    <path></path>
    <source>
        <database>Unknown</database>
    </source>
    <size>
        <width>1920</width>
        <height>1080</height>
        <depth>3</depth>
    </size>
    <segmented>0</segmented>
    <object>
        <name>bramka</name>
        <pose>Unspecified</pose>
        <truncated>0</truncated>
        <difficult>0</difficult>
        <bndbox>
            <xmin>814.7085546875005</xmin>
            <ymin>243.486328125</ymin>
            <xmax>1446.8335766601563</xmax>
            <ymax>842.81640625</ymax>
        </bndbox>
    </object>
</annotation>
