<annotation>
    <folder></folder>
    <filename>frame_000011</filename>
    <path></path>
    <source>
        <database>Unknown</database>
    </source>
    <size>
        <width>1920</width>
        <height>1080</height>
        <depth>3</depth>
    </size>
    <segmented>0</segmented>
    <object>
        <name>bramka</name>
        <pose>Unspecified</pose>
        <truncated>0</truncated>
        <difficult>0</difficult>
        <bndbox>
            <xmin>613.478515625</xmin>
            <ymin>126.98828125</ymin>
            <xmax>1154.8453125000015</xmax>
            <ymax>684.3728515625007</ymax>
        </bndbox>
    </object>
</annotation>
