<annotation>
    <folder></folder>
    <filename>frame_000394</filename>
    <path></path>
    <source>
        <database>Unknown</database>
    </source>
    <size>
        <width>1920</width>
        <height>1080</height>
        <depth>3</depth>
    </size>
    <segmented>0</segmented>
    <object>
        <name>bramka</name>
        <pose>Unspecified</pose>
        <truncated>0</truncated>
        <difficult>0</difficult>
        <bndbox>
            <xmin>840.57001953125</xmin>
            <ymin>251.3</ymin>
            <xmax>1483.4000000000003</xmax>
            <ymax>850.961328125</ymax>
        </bndbox>
    </object>
</annotation>
