<annotation>
    <folder></folder>
    <filename>frame_000484</filename>
    <path></path>
    <source>
        <database>Unknown</database>
    </source>
    <size>
        <width>1920</width>
        <height>1080</height>
        <depth>3</depth>
    </size>
    <segmented>0</segmented>
    <object>
        <name>bramka</name>
        <pose>Unspecified</pose>
        <truncated>0</truncated>
        <difficult>0</difficult>
        <bndbox>
            <xmin>810.90869140625</xmin>
            <ymin>230.09970703125</ymin>
            <xmax>1490.6911718750002</xmax>
            <ymax>859.1835717773438</ymax>
        </bndbox>
    </object>
</annotation>
