<annotation>
    <folder></folder>
    <filename>frame_000143</filename>
    <path></path>
    <source>
        <database>Unknown</database>
    </source>
    <size>
        <width>1920</width>
        <height>1080</height>
        <depth>3</depth>
    </size>
    <segmented>0</segmented>
    <object>
        <name>bramka</name>
        <pose>Unspecified</pose>
        <truncated>0</truncated>
        <difficult>0</difficult>
        <bndbox>
            <xmin>785.8189453125005</xmin>
            <ymin>245.793701171875</ymin>
            <xmax>1357.0074310302743</xmax>
            <ymax>805.8553375244144</ymax>
        </bndbox>
    </object>
</annotation>
