<annotation>
    <folder></folder>
    <filename>frame_000193</filename>
    <path></path>
    <source>
        <database>Unknown</database>
    </source>
    <size>
        <width>1920</width>
        <height>1080</height>
        <depth>3</depth>
    </size>
    <segmented>0</segmented>
    <object>
        <name>bramka</name>
        <pose>Unspecified</pose>
        <truncated>0</truncated>
        <difficult>0</difficult>
        <bndbox>
            <xmin>734.29931640625</xmin>
            <ymin>285.5361328125</ymin>
            <xmax>1322.3143493652333</xmax>
            <ymax>876.5416015625005</ymax>
        </bndbox>
    </object>
</annotation>
