<annotation>
    <folder></folder>
    <filename>frame_000263</filename>
    <path></path>
    <source>
        <database>Unknown</database>
    </source>
    <size>
        <width>1920</width>
        <height>1080</height>
        <depth>3</depth>
    </size>
    <segmented>0</segmented>
    <object>
        <name>bramka</name>
        <pose>Unspecified</pose>
        <truncated>0</truncated>
        <difficult>0</difficult>
        <bndbox>
            <xmin>641.904296875</xmin>
            <ymin>112.2158203125</ymin>
            <xmax>1252.1878295898423</xmax>
            <ymax>708.3205078124993</ymax>
        </bndbox>
    </object>
</annotation>
