<annotation>
    <folder></folder>
    <filename>frame_000466</filename>
    <path></path>
    <source>
        <database>Unknown</database>
    </source>
    <size>
        <width>1920</width>
        <height>1080</height>
        <depth>3</depth>
    </size>
    <segmented>0</segmented>
    <object>
        <name>bramka</name>
        <pose>Unspecified</pose>
        <truncated>0</truncated>
        <difficult>0</difficult>
        <bndbox>
            <xmin>784.7603515625</xmin>
            <ymin>243.5865234375</ymin>
            <xmax>1441.101171875</xmax>
            <ymax>854.6748046875003</ymax>
        </bndbox>
    </object>
</annotation>
