<annotation>
    <folder></folder>
    <filename>frame_000448</filename>
    <path></path>
    <source>
        <database>Unknown</database>
    </source>
    <size>
        <width>1920</width>
        <height>1080</height>
        <depth>3</depth>
    </size>
    <segmented>0</segmented>
    <object>
        <name>bramka</name>
        <pose>Unspecified</pose>
        <truncated>0</truncated>
        <difficult>0</difficult>
        <bndbox>
            <xmin>815.50849609375</xmin>
            <ymin>249.29697265625</ymin>
            <xmax>1445.5318664550773</xmax>
            <ymax>851.9350781250001</ymax>
        </bndbox>
    </object>
</annotation>
