<annotation>
    <folder></folder>
    <filename>frame_000467</filename>
    <path></path>
    <source>
        <database>Unknown</database>
    </source>
    <size>
        <width>1920</width>
        <height>1080</height>
        <depth>3</depth>
    </size>
    <segmented>0</segmented>
    <object>
        <name>bramka</name>
        <pose>Unspecified</pose>
        <truncated>0</truncated>
        <difficult>0</difficult>
        <bndbox>
            <xmin>785.3615234375</xmin>
            <ymin>244.1876953125</ymin>
            <xmax>1441.70234375</xmax>
            <ymax>855.2759765625003</ymax>
        </bndbox>
    </object>
</annotation>
