<annotation>
    <folder></folder>
    <filename>frame_000310</filename>
    <path></path>
    <source>
        <database>Unknown</database>
    </source>
    <size>
        <width>1920</width>
        <height>1080</height>
        <depth>3</depth>
    </size>
    <segmented>0</segmented>
    <object>
        <name>bramka</name>
        <pose>Unspecified</pose>
        <truncated>0</truncated>
        <difficult>0</difficult>
        <bndbox>
            <xmin>663.34228515625</xmin>
            <ymin>128.15380859375</ymin>
            <xmax>1274.8314550781242</xmax>
            <ymax>724.250056152343</ymax>
        </bndbox>
    </object>
</annotation>
