<annotation>
    <folder></folder>
    <filename>frame_000120</filename>
    <path></path>
    <source>
        <database>Unknown</database>
    </source>
    <size>
        <width>1920</width>
        <height>1080</height>
        <depth>3</depth>
    </size>
    <segmented>0</segmented>
    <object>
        <name>bramka</name>
        <pose>Unspecified</pose>
        <truncated>0</truncated>
        <difficult>0</difficult>
        <bndbox>
            <xmin>782.7724609375</xmin>
            <ymin>182.8154296875</ymin>
            <xmax>1333.1587890625015</xmax>
            <ymax>730.5396484375015</ymax>
        </bndbox>
    </object>
</annotation>
