<annotation>
    <folder></folder>
    <filename>frame_000324</filename>
    <path></path>
    <source>
        <database>Unknown</database>
    </source>
    <size>
        <width>1920</width>
        <height>1080</height>
        <depth>3</depth>
    </size>
    <segmented>0</segmented>
    <object>
        <name>bramka</name>
        <pose>Unspecified</pose>
        <truncated>0</truncated>
        <difficult>0</difficult>
        <bndbox>
            <xmin>722.0510602678571</xmin>
            <ymin>168.26213727678572</ymin>
            <xmax>1338.3627790178582</xmax>
            <ymax>755.1181588309147</ymax>
        </bndbox>
    </object>
</annotation>
