<annotation>
    <folder></folder>
    <filename>frame_000108</filename>
    <path></path>
    <source>
        <database>Unknown</database>
    </source>
    <size>
        <width>1920</width>
        <height>1080</height>
        <depth>3</depth>
    </size>
    <segmented>0</segmented>
    <object>
        <name>bramka</name>
        <pose>Unspecified</pose>
        <truncated>0</truncated>
        <difficult>0</difficult>
        <bndbox>
            <xmin>763.94921875</xmin>
            <ymin>178.5</ymin>
            <xmax>1330.0</xmax>
            <ymax>729.255615234375</ymax>
        </bndbox>
    </object>
</annotation>
