<annotation>
    <folder></folder>
    <filename>frame_000414</filename>
    <path></path>
    <source>
        <database>Unknown</database>
    </source>
    <size>
        <width>1920</width>
        <height>1080</height>
        <depth>3</depth>
    </size>
    <segmented>0</segmented>
    <object>
        <name>bramka</name>
        <pose>Unspecified</pose>
        <truncated>0</truncated>
        <difficult>0</difficult>
        <bndbox>
            <xmin>813.7028515625007</xmin>
            <ymin>242.484375</ymin>
            <xmax>1442.6257592773438</xmax>
            <ymax>841.60546875</ymax>
        </bndbox>
    </object>
</annotation>
