<annotation>
    <folder></folder>
    <filename>frame_000264</filename>
    <path></path>
    <source>
        <database>Unknown</database>
    </source>
    <size>
        <width>1920</width>
        <height>1080</height>
        <depth>3</depth>
    </size>
    <segmented>0</segmented>
    <object>
        <name>bramka</name>
        <pose>Unspecified</pose>
        <truncated>0</truncated>
        <difficult>0</difficult>
        <bndbox>
            <xmin>641.303125</xmin>
            <ymin>113.7185546875</ymin>
            <xmax>1251.5866577148422</xmax>
            <ymax>709.8232421874993</ymax>
        </bndbox>
    </object>
</annotation>
