<annotation>
    <folder></folder>
    <filename>frame_000498</filename>
    <path></path>
    <source>
        <database>Unknown</database>
    </source>
    <size>
        <width>1920</width>
        <height>1080</height>
        <depth>3</depth>
    </size>
    <segmented>0</segmented>
    <object>
        <name>bramka</name>
        <pose>Unspecified</pose>
        <truncated>0</truncated>
        <difficult>0</difficult>
        <bndbox>
            <xmin>800.3947656250006</xmin>
            <ymin>207.3619140625</ymin>
            <xmax>1488.7947412109374</xmax>
            <ymax>831.3951171875</ymax>
        </bndbox>
    </object>
</annotation>
