<annotation>
    <folder></folder>
    <filename>frame_000296</filename>
    <path></path>
    <source>
        <database>Unknown</database>
    </source>
    <size>
        <width>1920</width>
        <height>1080</height>
        <depth>3</depth>
    </size>
    <segmented>0</segmented>
    <object>
        <name>bramka</name>
        <pose>Unspecified</pose>
        <truncated>0</truncated>
        <difficult>0</difficult>
        <bndbox>
            <xmin>646.5115234375</xmin>
            <ymin>116.323828125</ymin>
            <xmax>1256.7950561523423</xmax>
            <ymax>712.4285156249992</ymax>
        </bndbox>
    </object>
</annotation>
