<annotation>
    <folder></folder>
    <filename>frame_000183</filename>
    <path></path>
    <source>
        <database>Unknown</database>
    </source>
    <size>
        <width>1920</width>
        <height>1080</height>
        <depth>3</depth>
    </size>
    <segmented>0</segmented>
    <object>
        <name>bramka</name>
        <pose>Unspecified</pose>
        <truncated>0</truncated>
        <difficult>0</difficult>
        <bndbox>
            <xmin>744.5966796875</xmin>
            <ymin>280.19580078125</ymin>
            <xmax>1324.3830200195298</xmax>
            <ymax>870.07568359375</ymax>
        </bndbox>
    </object>
</annotation>
