<annotation>
    <folder></folder>
    <filename>frame_000194</filename>
    <path></path>
    <source>
        <database>Unknown</database>
    </source>
    <size>
        <width>1920</width>
        <height>1080</height>
        <depth>3</depth>
    </size>
    <segmented>0</segmented>
    <object>
        <name>bramka</name>
        <pose>Unspecified</pose>
        <truncated>0</truncated>
        <difficult>0</difficult>
        <bndbox>
            <xmin>732.0529296875</xmin>
            <ymin>284.8283203125</ymin>
            <xmax>1321.713701171874</xmax>
            <ymax>876.0589062500006</ymax>
        </bndbox>
    </object>
</annotation>
