<annotation>
    <folder></folder>
    <filename>frame_000453</filename>
    <path></path>
    <source>
        <database>Unknown</database>
    </source>
    <size>
        <width>1920</width>
        <height>1080</height>
        <depth>3</depth>
    </size>
    <segmented>0</segmented>
    <object>
        <name>bramka</name>
        <pose>Unspecified</pose>
        <truncated>0</truncated>
        <difficult>0</difficult>
        <bndbox>
            <xmin>811.0060546875</xmin>
            <ymin>249.7984375</ymin>
            <xmax>1445.5319580078117</xmax>
            <ymax>858.4723828125003</ymax>
        </bndbox>
    </object>
</annotation>
