<annotation>
    <folder></folder>
    <filename>frame_000144</filename>
    <path></path>
    <source>
        <database>Unknown</database>
    </source>
    <size>
        <width>1920</width>
        <height>1080</height>
        <depth>3</depth>
    </size>
    <segmented>0</segmented>
    <object>
        <name>bramka</name>
        <pose>Unspecified</pose>
        <truncated>0</truncated>
        <difficult>0</difficult>
        <bndbox>
            <xmin>785.2351562500007</xmin>
            <ymin>246.02734375</ymin>
            <xmax>1355.722277832032</xmax>
            <ymax>807.9642700195318</ymax>
        </bndbox>
    </object>
</annotation>
