<annotation>
    <folder></folder>
    <filename>frame_000471</filename>
    <path></path>
    <source>
        <database>Unknown</database>
    </source>
    <size>
        <width>1920</width>
        <height>1080</height>
        <depth>3</depth>
    </size>
    <segmented>0</segmented>
    <object>
        <name>bramka</name>
        <pose>Unspecified</pose>
        <truncated>0</truncated>
        <difficult>0</difficult>
        <bndbox>
            <xmin>787.7662109375</xmin>
            <ymin>246.5923828125</ymin>
            <xmax>1444.10703125</xmax>
            <ymax>857.6806640625003</ymax>
        </bndbox>
    </object>
</annotation>
