<annotation>
    <folder></folder>
    <filename>frame_000015</filename>
    <path></path>
    <source>
        <database>Unknown</database>
    </source>
    <size>
        <width>1920</width>
        <height>1080</height>
        <depth>3</depth>
    </size>
    <segmented>0</segmented>
    <object>
        <name>bramka</name>
        <pose>Unspecified</pose>
        <truncated>0</truncated>
        <difficult>0</difficult>
        <bndbox>
            <xmin>612.7705078125</xmin>
            <ymin>122.345703125</ymin>
            <xmax>1156.7838134765625</xmax>
            <ymax>682.4656372070312</ymax>
        </bndbox>
    </object>
</annotation>
