<annotation>
    <folder></folder>
    <filename>frame_000403</filename>
    <path></path>
    <source>
        <database>Unknown</database>
    </source>
    <size>
        <width>1920</width>
        <height>1080</height>
        <depth>3</depth>
    </size>
    <segmented>0</segmented>
    <object>
        <name>bramka</name>
        <pose>Unspecified</pose>
        <truncated>0</truncated>
        <difficult>0</difficult>
        <bndbox>
            <xmin>822.436328125</xmin>
            <ymin>247.79453125</ymin>
            <xmax>1465.7687500000004</xmax>
            <ymax>847.8560546875</ymax>
        </bndbox>
    </object>
</annotation>
