<annotation>
    <folder></folder>
    <filename>frame_000165</filename>
    <path></path>
    <source>
        <database>Unknown</database>
    </source>
    <size>
        <width>1920</width>
        <height>1080</height>
        <depth>3</depth>
    </size>
    <segmented>0</segmented>
    <object>
        <name>bramka</name>
        <pose>Unspecified</pose>
        <truncated>0</truncated>
        <difficult>0</difficult>
        <bndbox>
            <xmin>765.72822265625</xmin>
            <ymin>253.82292968750045</ymin>
            <xmax>1340.0808374023431</xmax>
            <ymax>833.198894042969</ymax>
        </bndbox>
    </object>
</annotation>
