<annotation>
    <folder></folder>
    <filename>frame_000281</filename>
    <path></path>
    <source>
        <database>Unknown</database>
    </source>
    <size>
        <width>1920</width>
        <height>1080</height>
        <depth>3</depth>
    </size>
    <segmented>0</segmented>
    <object>
        <name>bramka</name>
        <pose>Unspecified</pose>
        <truncated>0</truncated>
        <difficult>0</difficult>
        <bndbox>
            <xmin>637.7953125</xmin>
            <ymin>112.6166015625</ymin>
            <xmax>1248.0788452148422</xmax>
            <ymax>708.7212890624993</ymax>
        </bndbox>
    </object>
</annotation>
