<annotation>
    <folder></folder>
    <filename>frame_000362</filename>
    <path></path>
    <source>
        <database>Unknown</database>
    </source>
    <size>
        <width>1920</width>
        <height>1080</height>
        <depth>3</depth>
    </size>
    <segmented>0</segmented>
    <object>
        <name>bramka</name>
        <pose>Unspecified</pose>
        <truncated>0</truncated>
        <difficult>0</difficult>
        <bndbox>
            <xmin>862.109765625</xmin>
            <ymin>262.2361328125</ymin>
            <xmax>1489.4330078125</xmax>
            <ymax>861.280078125</ymax>
        </bndbox>
    </object>
</annotation>
