<annotation>
    <folder></folder>
    <filename>frame_000018</filename>
    <path></path>
    <source>
        <database>Unknown</database>
    </source>
    <size>
        <width>1920</width>
        <height>1080</height>
        <depth>3</depth>
    </size>
    <segmented>0</segmented>
    <object>
        <name>bramka</name>
        <pose>Unspecified</pose>
        <truncated>0</truncated>
        <difficult>0</difficult>
        <bndbox>
            <xmin>621.67578125</xmin>
            <ymin>115.3125</ymin>
            <xmax>1162.8228515625005</xmax>
            <ymax>675.0860656738278</ymax>
        </bndbox>
    </object>
</annotation>
