<annotation>
    <folder></folder>
    <filename>frame_000026</filename>
    <path></path>
    <source>
        <database>Unknown</database>
    </source>
    <size>
        <width>1920</width>
        <height>1080</height>
        <depth>3</depth>
    </size>
    <segmented>0</segmented>
    <object>
        <name>bramka</name>
        <pose>Unspecified</pose>
        <truncated>0</truncated>
        <difficult>0</difficult>
        <bndbox>
            <xmin>627.83203125</xmin>
            <ymin>106.5888671875</ymin>
            <xmax>1178.1705468750006</xmax>
            <ymax>671.2797265624995</ymax>
        </bndbox>
    </object>
</annotation>
