<annotation>
    <folder></folder>
    <filename>frame_000384</filename>
    <path></path>
    <source>
        <database>Unknown</database>
    </source>
    <size>
        <width>1920</width>
        <height>1080</height>
        <depth>3</depth>
    </size>
    <segmented>0</segmented>
    <object>
        <name>bramka</name>
        <pose>Unspecified</pose>
        <truncated>0</truncated>
        <difficult>0</difficult>
        <bndbox>
            <xmin>854.1524832589286</xmin>
            <ymin>255.29115513392858</ymin>
            <xmax>1490.891238839286</xmax>
            <ymax>851.7770647321429</ymax>
        </bndbox>
    </object>
</annotation>
