<annotation>
    <folder></folder>
    <filename>frame_000129</filename>
    <path></path>
    <source>
        <database>Unknown</database>
    </source>
    <size>
        <width>1920</width>
        <height>1080</height>
        <depth>3</depth>
    </size>
    <segmented>0</segmented>
    <object>
        <name>bramka</name>
        <pose>Unspecified</pose>
        <truncated>0</truncated>
        <difficult>0</difficult>
        <bndbox>
            <xmin>783.802734375</xmin>
            <ymin>209.1455078125</ymin>
            <xmax>1357.239453125001</xmax>
            <ymax>763.4542419433592</ymax>
        </bndbox>
    </object>
</annotation>
