<annotation>
    <folder></folder>
    <filename>frame_000299</filename>
    <path></path>
    <source>
        <database>Unknown</database>
    </source>
    <size>
        <width>1920</width>
        <height>1080</height>
        <depth>3</depth>
    </size>
    <segmented>0</segmented>
    <object>
        <name>bramka</name>
        <pose>Unspecified</pose>
        <truncated>0</truncated>
        <difficult>0</difficult>
        <bndbox>
            <xmin>651.019921875</xmin>
            <ymin>117.32568359375</ymin>
            <xmax>1261.3034545898422</xmax>
            <ymax>713.4303710937493</ymax>
        </bndbox>
    </object>
</annotation>
