<annotation>
    <folder></folder>
    <filename>frame_000404</filename>
    <path></path>
    <source>
        <database>Unknown</database>
    </source>
    <size>
        <width>1920</width>
        <height>1080</height>
        <depth>3</depth>
    </size>
    <segmented>0</segmented>
    <object>
        <name>bramka</name>
        <pose>Unspecified</pose>
        <truncated>0</truncated>
        <difficult>0</difficult>
        <bndbox>
            <xmin>820.332421875</xmin>
            <ymin>247.39384765625</ymin>
            <xmax>1463.6648437500003</xmax>
            <ymax>847.45537109375</ymax>
        </bndbox>
    </object>
</annotation>
