<annotation>
    <folder></folder>
    <filename>frame_000400</filename>
    <path></path>
    <source>
        <database>Unknown</database>
    </source>
    <size>
        <width>1920</width>
        <height>1080</height>
        <depth>3</depth>
    </size>
    <segmented>0</segmented>
    <object>
        <name>bramka</name>
        <pose>Unspecified</pose>
        <truncated>0</truncated>
        <difficult>0</difficult>
        <bndbox>
            <xmin>828.748046875</xmin>
            <ymin>248.99658203125</ymin>
            <xmax>1472.0804687500004</xmax>
            <ymax>849.05810546875</ymax>
        </bndbox>
    </object>
</annotation>
