<annotation>
    <folder></folder>
    <filename>frame_000409</filename>
    <path></path>
    <source>
        <database>Unknown</database>
    </source>
    <size>
        <width>1920</width>
        <height>1080</height>
        <depth>3</depth>
    </size>
    <segmented>0</segmented>
    <object>
        <name>bramka</name>
        <pose>Unspecified</pose>
        <truncated>0</truncated>
        <difficult>0</difficult>
        <bndbox>
            <xmin>816.2171093750003</xmin>
            <ymin>244.9892578125</ymin>
            <xmax>1453.1453027343753</xmax>
            <ymax>844.6328125</ymax>
        </bndbox>
    </object>
</annotation>
