<annotation>
    <folder></folder>
    <filename>frame_000106</filename>
    <path></path>
    <source>
        <database>Unknown</database>
    </source>
    <size>
        <width>1920</width>
        <height>1080</height>
        <depth>3</depth>
    </size>
    <segmented>0</segmented>
    <object>
        <name>bramka</name>
        <pose>Unspecified</pose>
        <truncated>0</truncated>
        <difficult>0</difficult>
        <bndbox>
            <xmin>760.8119140625004</xmin>
            <ymin>177.4000000000001</ymin>
            <xmax>1325.9750061035156</xmax>
            <ymax>729.0417175292969</ymax>
        </bndbox>
    </object>
</annotation>
