<annotation>
    <folder></folder>
    <filename>frame_000331</filename>
    <path></path>
    <source>
        <database>Unknown</database>
    </source>
    <size>
        <width>1920</width>
        <height>1080</height>
        <depth>3</depth>
    </size>
    <segmented>0</segmented>
    <object>
        <name>bramka</name>
        <pose>Unspecified</pose>
        <truncated>0</truncated>
        <difficult>0</difficult>
        <bndbox>
            <xmin>757.91728515625</xmin>
            <ymin>190.202734375</ymin>
            <xmax>1377.5324609375007</xmax>
            <ymax>787.1596594238274</ymax>
        </bndbox>
    </object>
</annotation>
