<annotation>
    <folder></folder>
    <filename>frame_000200</filename>
    <path></path>
    <source>
        <database>Unknown</database>
    </source>
    <size>
        <width>1920</width>
        <height>1080</height>
        <depth>3</depth>
    </size>
    <segmented>0</segmented>
    <object>
        <name>bramka</name>
        <pose>Unspecified</pose>
        <truncated>0</truncated>
        <difficult>0</difficult>
        <bndbox>
            <xmin>717.05625</xmin>
            <ymin>277.1880859375</ymin>
            <xmax>1313.2999755859369</xmax>
            <ymax>869.3191406250011</ymax>
        </bndbox>
    </object>
</annotation>
