<annotation>
    <folder></folder>
    <filename>frame_000110</filename>
    <path></path>
    <source>
        <database>Unknown</database>
    </source>
    <size>
        <width>1920</width>
        <height>1080</height>
        <depth>3</depth>
    </size>
    <segmented>0</segmented>
    <object>
        <name>bramka</name>
        <pose>Unspecified</pose>
        <truncated>0</truncated>
        <difficult>0</difficult>
        <bndbox>
            <xmin>767.0859375</xmin>
            <ymin>173.60000000000036</ymin>
            <xmax>1342.7000000000007</xmax>
            <ymax>729.4691162109375</ymax>
        </bndbox>
    </object>
</annotation>
