<annotation>
    <folder></folder>
    <filename>frame_000083</filename>
    <path></path>
    <source>
        <database>Unknown</database>
    </source>
    <size>
        <width>1920</width>
        <height>1080</height>
        <depth>3</depth>
    </size>
    <segmented>0</segmented>
    <object>
        <name>bramka</name>
        <pose>Unspecified</pose>
        <truncated>0</truncated>
        <difficult>0</difficult>
        <bndbox>
            <xmin>742.52197265625</xmin>
            <ymin>139.23447265625055</ymin>
            <xmax>1301.1902526855474</xmax>
            <ymax>702.6614379882812</ymax>
        </bndbox>
    </object>
</annotation>
