<annotation>
    <folder></folder>
    <filename>frame_000342</filename>
    <path></path>
    <source>
        <database>Unknown</database>
    </source>
    <size>
        <width>1920</width>
        <height>1080</height>
        <depth>3</depth>
    </size>
    <segmented>0</segmented>
    <object>
        <name>bramka</name>
        <pose>Unspecified</pose>
        <truncated>0</truncated>
        <difficult>0</difficult>
        <bndbox>
            <xmin>810.2138671875</xmin>
            <ymin>231.8039062500011</ymin>
            <xmax>1442.023193359375</xmax>
            <ymax>830.823974609375</ymax>
        </bndbox>
    </object>
</annotation>
