<annotation>
    <folder></folder>
    <filename>frame_000396</filename>
    <path></path>
    <source>
        <database>Unknown</database>
    </source>
    <size>
        <width>1920</width>
        <height>1080</height>
        <depth>3</depth>
    </size>
    <segmented>0</segmented>
    <object>
        <name>bramka</name>
        <pose>Unspecified</pose>
        <truncated>0</truncated>
        <difficult>0</difficult>
        <bndbox>
            <xmin>837.163671875</xmin>
            <ymin>250.59931640625</ymin>
            <xmax>1480.4960937500005</xmax>
            <ymax>850.66083984375</ymax>
        </bndbox>
    </object>
</annotation>
