<annotation>
    <folder></folder>
    <filename>frame_000010</filename>
    <path></path>
    <source>
        <database>Unknown</database>
    </source>
    <size>
        <width>1920</width>
        <height>1080</height>
        <depth>3</depth>
    </size>
    <segmented>0</segmented>
    <object>
        <name>bramka</name>
        <pose>Unspecified</pose>
        <truncated>0</truncated>
        <difficult>0</difficult>
        <bndbox>
            <xmin>612.033203125</xmin>
            <ymin>128.8154296875</ymin>
            <xmax>1153.4000000000015</xmax>
            <ymax>686.2000000000007</ymax>
        </bndbox>
    </object>
</annotation>
