<annotation>
    <folder></folder>
    <filename>frame_000320</filename>
    <path></path>
    <source>
        <database>Unknown</database>
    </source>
    <size>
        <width>1920</width>
        <height>1080</height>
        <depth>3</depth>
    </size>
    <segmented>0</segmented>
    <object>
        <name>bramka</name>
        <pose>Unspecified</pose>
        <truncated>0</truncated>
        <difficult>0</difficult>
        <bndbox>
            <xmin>700.0104166666666</xmin>
            <ymin>158.64420572916666</ymin>
            <xmax>1316.3221354166678</xmax>
            <ymax>739.6333333333338</ymax>
        </bndbox>
    </object>
</annotation>
