<annotation>
    <folder></folder>
    <filename>frame_000112</filename>
    <path></path>
    <source>
        <database>Unknown</database>
    </source>
    <size>
        <width>1920</width>
        <height>1080</height>
        <depth>3</depth>
    </size>
    <segmented>0</segmented>
    <object>
        <name>bramka</name>
        <pose>Unspecified</pose>
        <truncated>0</truncated>
        <difficult>0</difficult>
        <bndbox>
            <xmin>769.52197265625</xmin>
            <ymin>172.64897460937527</ymin>
            <xmax>1342.8988281250008</xmax>
            <ymax>728.9822784423827</ymax>
        </bndbox>
    </object>
</annotation>
