<annotation>
    <folder></folder>
    <filename>frame_000208</filename>
    <path></path>
    <source>
        <database>Unknown</database>
    </source>
    <size>
        <width>1920</width>
        <height>1080</height>
        <depth>3</depth>
    </size>
    <segmented>0</segmented>
    <object>
        <name>bramka</name>
        <pose>Unspecified</pose>
        <truncated>0</truncated>
        <difficult>0</difficult>
        <bndbox>
            <xmin>693.01171875</xmin>
            <ymin>257.9521484375</ymin>
            <xmax>1289.2554443359368</xmax>
            <ymax>850.0832031250011</ymax>
        </bndbox>
    </object>
</annotation>
