<annotation>
    <folder></folder>
    <filename>frame_000088</filename>
    <path></path>
    <source>
        <database>Unknown</database>
    </source>
    <size>
        <width>1920</width>
        <height>1080</height>
        <depth>3</depth>
    </size>
    <segmented>0</segmented>
    <object>
        <name>bramka</name>
        <pose>Unspecified</pose>
        <truncated>0</truncated>
        <difficult>0</difficult>
        <bndbox>
            <xmin>747.3369140625</xmin>
            <ymin>149.93369140625055</ymin>
            <xmax>1304.9116394042976</xmax>
            <ymax>709.6174804687507</ymax>
        </bndbox>
    </object>
</annotation>
