<annotation>
    <folder></folder>
    <filename>frame_000307</filename>
    <path></path>
    <source>
        <database>Unknown</database>
    </source>
    <size>
        <width>1920</width>
        <height>1080</height>
        <depth>3</depth>
    </size>
    <segmented>0</segmented>
    <object>
        <name>bramka</name>
        <pose>Unspecified</pose>
        <truncated>0</truncated>
        <difficult>0</difficult>
        <bndbox>
            <xmin>659.835546875</xmin>
            <ymin>122.13427734375</ymin>
            <xmax>1270.1190795898424</xmax>
            <ymax>718.2389648437493</ymax>
        </bndbox>
    </object>
</annotation>
