<annotation>
    <folder></folder>
    <filename>frame_000447</filename>
    <path></path>
    <source>
        <database>Unknown</database>
    </source>
    <size>
        <width>1920</width>
        <height>1080</height>
        <depth>3</depth>
    </size>
    <segmented>0</segmented>
    <object>
        <name>bramka</name>
        <pose>Unspecified</pose>
        <truncated>0</truncated>
        <difficult>0</difficult>
        <bndbox>
            <xmin>816.408984375</xmin>
            <ymin>249.1966796875</ymin>
            <xmax>1445.5318481445306</xmax>
            <ymax>850.6276171875</ymax>
        </bndbox>
    </object>
</annotation>
