<annotation>
    <folder></folder>
    <filename>frame_000238</filename>
    <path></path>
    <source>
        <database>Unknown</database>
    </source>
    <size>
        <width>1920</width>
        <height>1080</height>
        <depth>3</depth>
    </size>
    <segmented>0</segmented>
    <object>
        <name>bramka</name>
        <pose>Unspecified</pose>
        <truncated>0</truncated>
        <difficult>0</difficult>
        <bndbox>
            <xmin>637.9000000000015</xmin>
            <ymin>145.8000000000011</ymin>
            <xmax>1239.1636352539062</xmax>
            <ymax>738.8771362304688</ymax>
        </bndbox>
    </object>
</annotation>
