<annotation>
    <folder></folder>
    <filename>frame_000444</filename>
    <path></path>
    <source>
        <database>Unknown</database>
    </source>
    <size>
        <width>1920</width>
        <height>1080</height>
        <depth>3</depth>
    </size>
    <segmented>0</segmented>
    <object>
        <name>bramka</name>
        <pose>Unspecified</pose>
        <truncated>0</truncated>
        <difficult>0</difficult>
        <bndbox>
            <xmin>817.709033203125</xmin>
            <ymin>248.845849609375</ymin>
            <xmax>1445.0308837890618</xmax>
            <ymax>847.862451171875</ymax>
        </bndbox>
    </object>
</annotation>
