<annotation>
    <folder></folder>
    <filename>frame_000416</filename>
    <path></path>
    <source>
        <database>Unknown</database>
    </source>
    <size>
        <width>1920</width>
        <height>1080</height>
        <depth>3</depth>
    </size>
    <segmented>0</segmented>
    <object>
        <name>bramka</name>
        <pose>Unspecified</pose>
        <truncated>0</truncated>
        <difficult>0</difficult>
        <bndbox>
            <xmin>812.6991406250006</xmin>
            <ymin>242.3841796875</ymin>
            <xmax>1440.0209912109374</xmax>
            <ymax>841.40078125</ymax>
        </bndbox>
    </object>
</annotation>
