<annotation>
    <folder></folder>
    <filename>frame_000089</filename>
    <path></path>
    <source>
        <database>Unknown</database>
    </source>
    <size>
        <width>1920</width>
        <height>1080</height>
        <depth>3</depth>
    </size>
    <segmented>0</segmented>
    <object>
        <name>bramka</name>
        <pose>Unspecified</pose>
        <truncated>0</truncated>
        <difficult>0</difficult>
        <bndbox>
            <xmin>749.00537109375</xmin>
            <ymin>153.00053710937527</ymin>
            <xmax>1305.6558197021495</xmax>
            <ymax>711.0087402343761</ymax>
        </bndbox>
    </object>
</annotation>
