<annotation>
    <folder></folder>
    <filename>frame_000148</filename>
    <path></path>
    <source>
        <database>Unknown</database>
    </source>
    <size>
        <width>1920</width>
        <height>1080</height>
        <depth>3</depth>
    </size>
    <segmented>0</segmented>
    <object>
        <name>bramka</name>
        <pose>Unspecified</pose>
        <truncated>0</truncated>
        <difficult>0</difficult>
        <bndbox>
            <xmin>782.9000000000015</xmin>
            <ymin>246.9619140625</ymin>
            <xmax>1350.5816650390625</xmax>
            <ymax>816.4000000000015</ymax>
        </bndbox>
    </object>
</annotation>
