<annotation>
    <folder></folder>
    <filename>frame_000463</filename>
    <path></path>
    <source>
        <database>Unknown</database>
    </source>
    <size>
        <width>1920</width>
        <height>1080</height>
        <depth>3</depth>
    </size>
    <segmented>0</segmented>
    <object>
        <name>bramka</name>
        <pose>Unspecified</pose>
        <truncated>0</truncated>
        <difficult>0</difficult>
        <bndbox>
            <xmin>789.168359375</xmin>
            <ymin>244.3880859375</ymin>
            <xmax>1441.506398925781</xmax>
            <ymax>855.4763671875004</ymax>
        </bndbox>
    </object>
</annotation>
