<annotation>
    <folder></folder>
    <filename>frame_000046</filename>
    <path></path>
    <source>
        <database>Unknown</database>
    </source>
    <size>
        <width>1920</width>
        <height>1080</height>
        <depth>3</depth>
    </size>
    <segmented>0</segmented>
    <object>
        <name>bramka</name>
        <pose>Unspecified</pose>
        <truncated>0</truncated>
        <difficult>0</difficult>
        <bndbox>
            <xmin>653.5654296875</xmin>
            <ymin>91.396484375</ymin>
            <xmax>1213.4654541015625</xmax>
            <ymax>661.8732421874993</ymax>
        </bndbox>
    </object>
</annotation>
