<annotation>
    <folder></folder>
    <filename>frame_000411</filename>
    <path></path>
    <source>
        <database>Unknown</database>
    </source>
    <size>
        <width>1920</width>
        <height>1080</height>
        <depth>3</depth>
    </size>
    <segmented>0</segmented>
    <object>
        <name>bramka</name>
        <pose>Unspecified</pose>
        <truncated>0</truncated>
        <difficult>0</difficult>
        <bndbox>
            <xmin>815.2114062500004</xmin>
            <ymin>243.9873046875</ymin>
            <xmax>1448.9374853515626</xmax>
            <ymax>843.421875</ymax>
        </bndbox>
    </object>
</annotation>
