<annotation>
    <folder></folder>
    <filename>frame_000441</filename>
    <path></path>
    <source>
        <database>Unknown</database>
    </source>
    <size>
        <width>1920</width>
        <height>1080</height>
        <depth>3</depth>
    </size>
    <segmented>0</segmented>
    <object>
        <name>bramka</name>
        <pose>Unspecified</pose>
        <truncated>0</truncated>
        <difficult>0</difficult>
        <bndbox>
            <xmin>816.20625</xmin>
            <ymin>248.3951171875</ymin>
            <xmax>1443.5281005859367</xmax>
            <ymax>847.41171875</ymax>
        </bndbox>
    </object>
</annotation>
