<annotation>
    <folder></folder>
    <filename>frame_000197</filename>
    <path></path>
    <source>
        <database>Unknown</database>
    </source>
    <size>
        <width>1920</width>
        <height>1080</height>
        <depth>3</depth>
    </size>
    <segmented>0</segmented>
    <object>
        <name>bramka</name>
        <pose>Unspecified</pose>
        <truncated>0</truncated>
        <difficult>0</difficult>
        <bndbox>
            <xmin>725.31376953125</xmin>
            <ymin>282.7048828125</ymin>
            <xmax>1319.9117565917961</xmax>
            <ymax>874.610820312501</ymax>
        </bndbox>
    </object>
</annotation>
