<annotation>
    <folder></folder>
    <filename>frame_000300</filename>
    <path></path>
    <source>
        <database>Unknown</database>
    </source>
    <size>
        <width>1920</width>
        <height>1080</height>
        <depth>3</depth>
    </size>
    <segmented>0</segmented>
    <object>
        <name>bramka</name>
        <pose>Unspecified</pose>
        <truncated>0</truncated>
        <difficult>0</difficult>
        <bndbox>
            <xmin>652.121875</xmin>
            <ymin>117.9267578125</ymin>
            <xmax>1262.4054077148423</xmax>
            <ymax>714.0314453124993</ymax>
        </bndbox>
    </object>
</annotation>
