<annotation>
    <folder></folder>
    <filename>frame_000095</filename>
    <path></path>
    <source>
        <database>Unknown</database>
    </source>
    <size>
        <width>1920</width>
        <height>1080</height>
        <depth>3</depth>
    </size>
    <segmented>0</segmented>
    <object>
        <name>bramka</name>
        <pose>Unspecified</pose>
        <truncated>0</truncated>
        <difficult>0</difficult>
        <bndbox>
            <xmin>747.752685546875</xmin>
            <ymin>167.77526855468818</ymin>
            <xmax>1310.149748229981</xmax>
            <ymax>720.3998931884771</ymax>
        </bndbox>
    </object>
</annotation>
