<annotation>
    <folder></folder>
    <filename>frame_000340</filename>
    <path></path>
    <source>
        <database>Unknown</database>
    </source>
    <size>
        <width>1920</width>
        <height>1080</height>
        <depth>3</depth>
    </size>
    <segmented>0</segmented>
    <object>
        <name>bramka</name>
        <pose>Unspecified</pose>
        <truncated>0</truncated>
        <difficult>0</difficult>
        <bndbox>
            <xmin>800.1953125</xmin>
            <ymin>225.40000000000146</ymin>
            <xmax>1433.5</xmax>
            <ymax>824.412109375</ymax>
        </bndbox>
    </object>
</annotation>
