<annotation>
    <folder></folder>
    <filename>frame_000492</filename>
    <path></path>
    <source>
        <database>Unknown</database>
    </source>
    <size>
        <width>1920</width>
        <height>1080</height>
        <depth>3</depth>
    </size>
    <segmented>0</segmented>
    <object>
        <name>bramka</name>
        <pose>Unspecified</pose>
        <truncated>0</truncated>
        <difficult>0</difficult>
        <bndbox>
            <xmin>806.8410511363641</xmin>
            <ymin>216.5243252840909</ymin>
            <xmax>1493.054529918324</xmax>
            <ymax>843.1212269176136</ymax>
        </bndbox>
    </object>
</annotation>
