<annotation>
    <folder></folder>
    <filename>frame_000316</filename>
    <path></path>
    <source>
        <database>Unknown</database>
    </source>
    <size>
        <width>1920</width>
        <height>1080</height>
        <depth>3</depth>
    </size>
    <segmented>0</segmented>
    <object>
        <name>bramka</name>
        <pose>Unspecified</pose>
        <truncated>0</truncated>
        <difficult>0</difficult>
        <bndbox>
            <xmin>681.2425130208334</xmin>
            <ymin>147.08072916666666</ymin>
            <xmax>1296.3485945638029</xmax>
            <ymax>734.4866910807299</ymax>
        </bndbox>
    </object>
</annotation>
