<annotation>
    <folder></folder>
    <filename>frame_000480</filename>
    <path></path>
    <source>
        <database>Unknown</database>
    </source>
    <size>
        <width>1920</width>
        <height>1080</height>
        <depth>3</depth>
    </size>
    <segmented>0</segmented>
    <object>
        <name>bramka</name>
        <pose>Unspecified</pose>
        <truncated>0</truncated>
        <difficult>0</difficult>
        <bndbox>
            <xmin>801.69189453125</xmin>
            <ymin>238.49853515625</ymin>
            <xmax>1471.0558593750002</xmax>
            <ymax>859.5843627929689</ymax>
        </bndbox>
    </object>
</annotation>
