<annotation>
    <folder></folder>
    <filename>frame_000364</filename>
    <path></path>
    <source>
        <database>Unknown</database>
    </source>
    <size>
        <width>1920</width>
        <height>1080</height>
        <depth>3</depth>
    </size>
    <segmented>0</segmented>
    <object>
        <name>bramka</name>
        <pose>Unspecified</pose>
        <truncated>0</truncated>
        <difficult>0</difficult>
        <bndbox>
            <xmin>863.5123046875</xmin>
            <ymin>264.841015625</ymin>
            <xmax>1490.835546875</xmax>
            <ymax>863.8849609375</ymax>
        </bndbox>
    </object>
</annotation>
