<annotation>
    <folder></folder>
    <filename>frame_000478</filename>
    <path></path>
    <source>
        <database>Unknown</database>
    </source>
    <size>
        <width>1920</width>
        <height>1080</height>
        <depth>3</depth>
    </size>
    <segmented>0</segmented>
    <object>
        <name>bramka</name>
        <pose>Unspecified</pose>
        <truncated>0</truncated>
        <difficult>0</difficult>
        <bndbox>
            <xmin>797.08349609375</xmin>
            <ymin>242.69794921875</ymin>
            <xmax>1461.2382031250002</xmax>
            <ymax>859.7847583007815</ymax>
        </bndbox>
    </object>
</annotation>
