<annotation>
    <folder></folder>
    <filename>frame_000335</filename>
    <path></path>
    <source>
        <database>Unknown</database>
    </source>
    <size>
        <width>1920</width>
        <height>1080</height>
        <depth>3</depth>
    </size>
    <segmented>0</segmented>
    <object>
        <name>bramka</name>
        <pose>Unspecified</pose>
        <truncated>0</truncated>
        <difficult>0</difficult>
        <bndbox>
            <xmin>776.35126953125</xmin>
            <ymin>206.633203125</ymin>
            <xmax>1400.3710546875004</xmax>
            <ymax>804.7827111816403</ymax>
        </bndbox>
    </object>
</annotation>
