<annotation>
    <folder></folder>
    <filename>frame_000037</filename>
    <path></path>
    <source>
        <database>Unknown</database>
    </source>
    <size>
        <width>1920</width>
        <height>1080</height>
        <depth>3</depth>
    </size>
    <segmented>0</segmented>
    <object>
        <name>bramka</name>
        <pose>Unspecified</pose>
        <truncated>0</truncated>
        <difficult>0</difficult>
        <bndbox>
            <xmin>639.25390625</xmin>
            <ymin>96.61263020833333</ymin>
            <xmax>1194.8244222005214</xmax>
            <ymax>665.6002034505206</ymax>
        </bndbox>
    </object>
</annotation>
