<annotation>
    <folder></folder>
    <filename>frame_000033</filename>
    <path></path>
    <source>
        <database>Unknown</database>
    </source>
    <size>
        <width>1920</width>
        <height>1080</height>
        <depth>3</depth>
    </size>
    <segmented>0</segmented>
    <object>
        <name>bramka</name>
        <pose>Unspecified</pose>
        <truncated>0</truncated>
        <difficult>0</difficult>
        <bndbox>
            <xmin>636.9947916666666</xmin>
            <ymin>98.65603298611111</ymin>
            <xmax>1188.0009955512148</xmax>
            <ymax>668.1166205512147</ymax>
        </bndbox>
    </object>
</annotation>
