<annotation>
    <folder></folder>
    <filename>frame_000173</filename>
    <path></path>
    <source>
        <database>Unknown</database>
    </source>
    <size>
        <width>1920</width>
        <height>1080</height>
        <depth>3</depth>
    </size>
    <segmented>0</segmented>
    <object>
        <name>bramka</name>
        <pose>Unspecified</pose>
        <truncated>0</truncated>
        <difficult>0</difficult>
        <bndbox>
            <xmin>753.01806640625</xmin>
            <ymin>263.8388671875</ymin>
            <xmax>1330.9248229980458</xmax>
            <ymax>849.9962890625002</ymax>
        </bndbox>
    </object>
</annotation>
