<annotation>
    <folder></folder>
    <filename>frame_000155</filename>
    <path></path>
    <source>
        <database>Unknown</database>
    </source>
    <size>
        <width>1920</width>
        <height>1080</height>
        <depth>3</depth>
    </size>
    <segmented>0</segmented>
    <object>
        <name>bramka</name>
        <pose>Unspecified</pose>
        <truncated>0</truncated>
        <difficult>0</difficult>
        <bndbox>
            <xmin>776.3582812500005</xmin>
            <ymin>247.618574218751</ymin>
            <xmax>1345.9744995117187</xmax>
            <ymax>819.0168139648442</ymax>
        </bndbox>
    </object>
</annotation>
