<annotation>
    <folder></folder>
    <filename>frame_000195</filename>
    <path></path>
    <source>
        <database>Unknown</database>
    </source>
    <size>
        <width>1920</width>
        <height>1080</height>
        <depth>3</depth>
    </size>
    <segmented>0</segmented>
    <object>
        <name>bramka</name>
        <pose>Unspecified</pose>
        <truncated>0</truncated>
        <difficult>0</difficult>
        <bndbox>
            <xmin>729.80654296875</xmin>
            <ymin>284.1205078125</ymin>
            <xmax>1321.1130529785146</xmax>
            <ymax>875.5762109375007</ymax>
        </bndbox>
    </object>
</annotation>
