<annotation>
    <folder></folder>
    <filename>frame_000050</filename>
    <path></path>
    <source>
        <database>Unknown</database>
    </source>
    <size>
        <width>1920</width>
        <height>1080</height>
        <depth>3</depth>
    </size>
    <segmented>0</segmented>
    <object>
        <name>bramka</name>
        <pose>Unspecified</pose>
        <truncated>0</truncated>
        <difficult>0</difficult>
        <bndbox>
            <xmin>663.17578125</xmin>
            <ymin>95.751953125</ymin>
            <xmax>1222.1695312500015</xmax>
            <ymax>664.384765625</ymax>
        </bndbox>
    </object>
</annotation>
