<annotation>
    <folder></folder>
    <filename>frame_000048</filename>
    <path></path>
    <source>
        <database>Unknown</database>
    </source>
    <size>
        <width>1920</width>
        <height>1080</height>
        <depth>3</depth>
    </size>
    <segmented>0</segmented>
    <object>
        <name>bramka</name>
        <pose>Unspecified</pose>
        <truncated>0</truncated>
        <difficult>0</difficult>
        <bndbox>
            <xmin>658.37060546875</xmin>
            <ymin>93.57421875</ymin>
            <xmax>1217.817492675782</xmax>
            <ymax>663.1290039062496</ymax>
        </bndbox>
    </object>
</annotation>
