<annotation>
    <folder></folder>
    <filename>frame_000139</filename>
    <path></path>
    <source>
        <database>Unknown</database>
    </source>
    <size>
        <width>1920</width>
        <height>1080</height>
        <depth>3</depth>
    </size>
    <segmented>0</segmented>
    <object>
        <name>bramka</name>
        <pose>Unspecified</pose>
        <truncated>0</truncated>
        <difficult>0</difficult>
        <bndbox>
            <xmin>787.4357421875</xmin>
            <ymin>241.86259765625</ymin>
            <xmax>1360.7283203125014</xmax>
            <ymax>796.2983642578122</ymax>
        </bndbox>
    </object>
</annotation>
