<annotation>
    <folder></folder>
    <filename>frame_000483</filename>
    <path></path>
    <source>
        <database>Unknown</database>
    </source>
    <size>
        <width>1920</width>
        <height>1080</height>
        <depth>3</depth>
    </size>
    <segmented>0</segmented>
    <object>
        <name>bramka</name>
        <pose>Unspecified</pose>
        <truncated>0</truncated>
        <difficult>0</difficult>
        <bndbox>
            <xmin>808.6044921875</xmin>
            <ymin>232.1994140625</ymin>
            <xmax>1485.7823437500003</xmax>
            <ymax>859.2837695312501</ymax>
        </bndbox>
    </object>
</annotation>
