<annotation>
    <folder></folder>
    <filename>frame_000016</filename>
    <path></path>
    <source>
        <database>Unknown</database>
    </source>
    <size>
        <width>1920</width>
        <height>1080</height>
        <depth>3</depth>
    </size>
    <segmented>0</segmented>
    <object>
        <name>bramka</name>
        <pose>Unspecified</pose>
        <truncated>0</truncated>
        <difficult>0</difficult>
        <bndbox>
            <xmin>615.5146484375</xmin>
            <ymin>120.6728515625</ymin>
            <xmax>1159.0419067382818</xmax>
            <ymax>680.2301940917969</ymax>
        </bndbox>
    </object>
</annotation>
