<annotation>
    <folder></folder>
    <filename>frame_000059</filename>
    <path></path>
    <source>
        <database>Unknown</database>
    </source>
    <size>
        <width>1920</width>
        <height>1080</height>
        <depth>3</depth>
    </size>
    <segmented>0</segmented>
    <object>
        <name>bramka</name>
        <pose>Unspecified</pose>
        <truncated>0</truncated>
        <difficult>0</difficult>
        <bndbox>
            <xmin>696.665625</xmin>
            <ymin>100.9251953125</ymin>
            <xmax>1254.686953125001</xmax>
            <ymax>665.2255493164063</ymax>
        </bndbox>
    </object>
</annotation>
